"key","year","new students","delay","gim","gic","giu","rim","ric","riu","pim","pic","piu","lost"
"Architecture",2000,33,1,0,0,0,25,25,30,25,25,30,3
"Architecture",2000,33,2,0,0,0,21,21,28,21,21,28,5
"Architecture",2000,33,3,0,0,0,17,17,24,17,17,24,9
"Architecture",2000,33,4,10,7,10,6,11,16,16,18,26,7
"Architecture",2000,33,5,14,12,16,2,2,5,16,14,21,12
"Architecture",2000,33,6,15,13,17,2,2,2,17,15,19,14
"Architecture",2000,33,7,16,14,20,1,1,1,17,15,21,12
"Architecture",2000,33,8,16,14,20,3,3,3,19,17,23,10
"Architecture",2000,33,9,16,14,20,3,3,3,19,17,23,10
"Architecture",2000,33,10,16,14,20,1,1,1,17,15,21,12
"Architecture",2001,34,1,0,0,0,33,33,33,33,33,33,1
"Architecture",2001,34,2,0,0,0,26,26,30,26,26,30,4
"Architecture",2001,34,3,0,0,0,27,27,28,27,27,28,6
"Architecture",2001,34,4,17,12,11,8,24,26,25,36,37,-3
"Architecture",2001,34,5,22,18,19,2,2,3,24,20,22,12
"Architecture",2001,34,6,24,19,20,1,1,2,25,20,22,12
"Architecture",2001,34,7,26,21,23,1,1,1,27,22,24,10
"Architecture",2001,34,8,26,21,23,0,0,0,26,21,23,11
"Architecture",2001,34,9,26,21,23,0,0,0,26,21,23,11
"Architecture",2001,34,10,26,21,23,0,0,0,26,21,23,11
"Architecture",2002,45,1,0,0,0,40,40,42,40,40,42,3
"Architecture",2002,45,2,0,0,0,33,33,35,33,33,35,10
"Architecture",2002,45,3,0,0,0,29,29,32,29,29,32,13
"Architecture",2002,45,4,15,14,13,18,18,21,33,32,34,11
"Architecture",2002,45,5,22,20,22,4,4,5,26,24,27,18
"Architecture",2002,45,6,24,22,25,1,2,2,25,24,27,18
"Architecture",2002,45,7,24,22,25,2,3,4,26,25,29,16
"Architecture",2002,45,8,25,24,27,1,1,2,26,25,29,16
"Architecture",2002,45,9,27,26,29,1,1,2,28,27,31,14
"Architecture",2002,45,10,28,27,30,0,0,1,28,27,31,14
"Architecture",2003,33,1,0,0,0,30,30,31,30,30,31,2
"Architecture",2003,33,2,0,0,0,29,29,30,29,29,30,3
"Architecture",2003,33,3,0,0,0,29,29,30,29,29,30,3
"Architecture",2003,33,4,6,7,8,25,25,25,31,32,33,0
"Architecture",2003,33,5,26,23,24,3,3,3,29,26,27,6
"Architecture",2003,33,6,29,24,25,2,2,2,31,26,27,6
"Architecture",2003,33,7,29,24,25,0,0,0,29,24,25,8
"Architecture",2003,33,8,29,24,25,0,0,1,29,24,26,7
"Architecture",2003,33,9,29,24,25,0,0,0,29,24,25,8
"Architecture",2003,33,10,"null","null","null","null","null","null","null","null","null","null"
"Architecture",2004,39,1,0,0,0,35,35,35,35,35,35,4
"Architecture",2004,39,2,0,0,0,33,33,34,33,33,34,5
"Architecture",2004,39,3,0,0,0,32,32,32,32,32,32,7
"Architecture",2004,39,4,16,14,12,20,20,20,36,34,32,7
"Architecture",2004,39,5,28,20,18,5,6,7,33,26,25,14
"Architecture",2004,39,6,31,21,19,1,2,3,32,23,22,17
"Architecture",2004,39,7,31,21,19,0,1,2,31,22,21,18
"Architecture",2004,39,8,31,21,19,1,2,3,32,23,22,17
"Architecture",2004,39,9,"null","null","null","null","null","null","null","null","null","null"
"Architecture",2004,39,10,"null","null","null","null","null","null","null","null","null","null"
"Architecture",2005,29,1,0,0,0,28,28,29,28,28,29,0
"Architecture",2005,29,2,0,0,0,23,23,25,23,23,25,4
"Architecture",2005,29,3,0,0,0,22,23,23,22,23,23,6
"Architecture",2005,29,4,11,11,13,10,11,11,21,22,24,5
"Architecture",2005,29,5,20,18,20,1,1,1,21,19,21,8
"Architecture",2005,29,6,20,18,20,1,1,1,21,19,21,8
"Architecture",2005,29,7,21,19,21,0,0,1,21,19,22,7
"Architecture",2005,29,8,"null","null","null","null","null","null","null","null","null","null"
"Architecture",2005,29,9,"null","null","null","null","null","null","null","null","null","null"
"Architecture",2005,29,10,"null","null","null","null","null","null","null","null","null","null"
"Architecture",2006,31,1,0,0,0,27,27,28,27,27,28,3
"Architecture",2006,31,2,0,0,0,22,22,25,22,22,25,6
"Architecture",2006,31,3,0,0,0,19,19,23,19,19,23,8
"Architecture",2006,31,4,6,6,8,13,14,17,19,20,25,6
"Architecture",2006,31,5,17,15,19,1,2,2,18,17,21,10
"Architecture",2006,31,6,17,15,19,0,1,1,17,16,20,11
"Architecture",2006,31,7,"null","null","null","null","null","null","null","null","null","null"
"Architecture",2006,31,8,"null","null","null","null","null","null","null","null","null","null"
"Architecture",2006,31,9,"null","null","null","null","null","null","null","null","null","null"
"Architecture",2006,31,10,"null","null","null","null","null","null","null","null","null","null"
"Architecture",2007,32,1,0,0,0,30,30,31,30,30,31,1
"Architecture",2007,32,2,0,0,0,30,30,31,30,30,31,1
"Architecture",2007,32,3,0,0,0,30,30,31,30,30,31,1
"Architecture",2007,32,4,12,11,8,21,21,22,33,32,30,2
"Architecture",2007,32,5,22,17,15,4,4,4,26,21,19,13
"Architecture",2007,32,6,"null","null","null","null","null","null","null","null","null","null"
"Architecture",2007,32,7,"null","null","null","null","null","null","null","null","null","null"
"Architecture",2007,32,8,"null","null","null","null","null","null","null","null","null","null"
"Architecture",2007,32,9,"null","null","null","null","null","null","null","null","null","null"
"Architecture",2007,32,10,"null","null","null","null","null","null","null","null","null","null"
"Architecture",2008,30,1,0,0,0,25,25,26,25,25,26,4
"Architecture",2008,30,2,0,0,0,22,22,23,22,22,23,7
"Architecture",2008,30,3,0,0,0,20,21,22,20,21,22,8
"Architecture",2008,30,4,15,11,11,12,13,14,27,24,25,5
"Architecture",2008,30,5,"null","null","null","null","null","null","null","null","null","null"
"Architecture",2008,30,6,"null","null","null","null","null","null","null","null","null","null"
"Architecture",2008,30,7,"null","null","null","null","null","null","null","null","null","null"
"Architecture",2008,30,8,"null","null","null","null","null","null","null","null","null","null"
"Architecture",2008,30,9,"null","null","null","null","null","null","null","null","null","null"
"Architecture",2008,30,10,"null","null","null","null","null","null","null","null","null","null"
"Architecture",2009,44,1,0,0,0,41,41,42,41,41,42,2
"Architecture",2009,44,2,0,0,0,33,34,36,33,34,36,8
"Architecture",2009,44,3,1,1,1,28,29,31,29,30,32,12
"Architecture",2009,44,4,"null","null","null","null","null","null","null","null","null","null"
"Architecture",2009,44,5,"null","null","null","null","null","null","null","null","null","null"
"Architecture",2009,44,6,"null","null","null","null","null","null","null","null","null","null"
"Architecture",2009,44,7,"null","null","null","null","null","null","null","null","null","null"
"Architecture",2009,44,8,"null","null","null","null","null","null","null","null","null","null"
"Architecture",2009,44,9,"null","null","null","null","null","null","null","null","null","null"
"Architecture",2009,44,10,"null","null","null","null","null","null","null","null","null","null"
"Architecture",2010,40,1,1,0,0,32,33,37,33,33,37,3
"Architecture",2010,40,2,1,0,0,32,33,36,33,33,36,4
"Architecture",2010,40,3,"null","null","null","null","null","null","null","null","null","null"
"Architecture",2010,40,4,"null","null","null","null","null","null","null","null","null","null"
"Architecture",2010,40,5,"null","null","null","null","null","null","null","null","null","null"
"Architecture",2010,40,6,"null","null","null","null","null","null","null","null","null","null"
"Architecture",2010,40,7,"null","null","null","null","null","null","null","null","null","null"
"Architecture",2010,40,8,"null","null","null","null","null","null","null","null","null","null"
"Architecture",2010,40,9,"null","null","null","null","null","null","null","null","null","null"
"Architecture",2010,40,10,"null","null","null","null","null","null","null","null","null","null"
"Architecture",2011,40,1,0,0,0,31,32,35,31,32,35,5
"Architecture",2011,40,2,"null","null","null","null","null","null","null","null","null","null"
"Architecture",2011,40,3,"null","null","null","null","null","null","null","null","null","null"
"Architecture",2011,40,4,"null","null","null","null","null","null","null","null","null","null"
"Architecture",2011,40,5,"null","null","null","null","null","null","null","null","null","null"
"Architecture",2011,40,6,"null","null","null","null","null","null","null","null","null","null"
"Architecture",2011,40,7,"null","null","null","null","null","null","null","null","null","null"
"Architecture",2011,40,8,"null","null","null","null","null","null","null","null","null","null"
"Architecture",2011,40,9,"null","null","null","null","null","null","null","null","null","null"
"Architecture",2011,40,10,"null","null","null","null","null","null","null","null","null","null"
"Art",2000,46,1,0,0,0,30,0,35,30,0,35,11
"Art",2000,46,2,0,0,0,26,1,30,26,1,30,16
"Art",2000,46,3,0,0,0,25,1,29,25,1,29,17
"Art",2000,46,4,4,0,4,19,1,23,23,1,27,19
"Art",2000,46,5,18,0,20,4,1,6,22,1,26,20
"Art",2000,46,6,23,0,26,0,1,1,23,1,27,19
"Art",2000,46,7,23,1,27,0,0,0,23,1,27,19
"Art",2000,46,8,23,1,27,0,0,0,23,1,27,19
"Art",2000,46,9,23,1,27,0,0,1,23,1,28,18
"Art",2000,46,10,23,1,27,0,0,1,23,1,28,18
"Art",2001,50,1,0,0,0,31,0,41,31,0,41,9
"Art",2001,50,2,0,0,0,24,0,33,24,0,33,17
"Art",2001,50,3,0,0,0,21,0,27,21,0,27,23
"Art",2001,50,4,7,0,9,15,0,20,22,0,29,21
"Art",2001,50,5,19,0,25,1,0,3,20,0,28,22
"Art",2001,50,6,21,0,28,0,0,1,21,0,29,21
"Art",2001,50,7,21,0,28,1,1,2,22,1,30,20
"Art",2001,50,8,21,0,28,1,1,2,22,1,30,20
"Art",2001,50,9,21,0,28,0,0,0,21,0,28,22
"Art",2001,50,10,21,0,28,1,1,1,22,1,29,21
"Art",2002,58,1,0,0,0,36,0,42,36,0,42,16
"Art",2002,58,2,0,0,0,27,0,34,27,0,34,24
"Art",2002,58,3,1,0,1,24,0,30,25,0,31,27
"Art",2002,58,4,4,0,6,20,0,25,24,0,31,27
"Art",2002,58,5,14,0,19,8,0,10,22,0,29,29
"Art",2002,58,6,19,0,25,3,3,5,22,3,30,28
"Art",2002,58,7,20,1,26,2,2,4,22,3,30,28
"Art",2002,58,8,20,1,27,3,3,4,23,4,31,27
"Art",2002,58,9,22,3,29,0,0,0,22,3,29,29
"Art",2002,58,10,22,3,30,0,0,0,22,3,30,28
"Art",2003,11,1,0,0,0,6,1,10,6,1,10,1
"Art",2003,11,2,0,0,0,5,1,8,5,1,8,3
"Art",2003,11,3,0,0,0,5,1,8,5,1,8,3
"Art",2003,11,4,3,0,3,2,1,5,5,1,8,3
"Art",2003,11,5,3,1,6,2,2,2,5,3,8,3
"Art",2003,11,6,5,3,8,0,0,0,5,3,8,3
"Art",2003,11,7,5,3,8,0,0,0,5,3,8,3
"Art",2003,11,8,5,3,8,0,0,0,5,3,8,3
"Art",2003,11,9,5,3,8,0,0,0,5,3,8,3
"Art",2003,11,10,"null","null","null","null","null","null","null","null","null","null"
"Art",2004,2,1,0,0,0,0,0,1,0,0,1,1
"Art",2004,2,2,0,0,0,0,0,1,0,0,1,1
"Art",2004,2,3,0,0,0,0,0,0,0,0,0,2
"Art",2004,2,4,0,0,0,0,0,0,0,0,0,2
"Art",2004,2,5,0,0,0,0,0,0,0,0,0,2
"Art",2004,2,6,0,0,0,0,0,0,0,0,0,2
"Art",2004,2,7,0,0,0,0,0,0,0,0,0,2
"Art",2004,2,8,0,0,0,0,0,0,0,0,0,2
"Art",2004,2,9,"null","null","null","null","null","null","null","null","null","null"
"Art",2004,2,10,"null","null","null","null","null","null","null","null","null","null"
"Art",2006,2,1,0,0,0,1,0,1,1,0,1,1
"Art",2006,2,2,0,0,0,1,1,1,1,1,1,1
"Art",2006,2,3,0,0,0,1,1,1,1,1,1,1
"Art",2006,2,4,1,1,1,0,0,0,1,1,1,1
"Art",2006,2,5,1,1,1,0,0,0,1,1,1,1
"Art",2006,2,6,1,1,1,0,0,0,1,1,1,1
"Art",2006,2,7,"null","null","null","null","null","null","null","null","null","null"
"Art",2006,2,8,"null","null","null","null","null","null","null","null","null","null"
"Art",2006,2,9,"null","null","null","null","null","null","null","null","null","null"
"Art",2006,2,10,"null","null","null","null","null","null","null","null","null","null"
"Art",2007,2,1,0,0,0,1,2,2,1,2,2,0
"Art",2007,2,2,0,0,0,1,2,2,1,2,2,0
"Art",2007,2,3,0,0,0,1,2,2,1,2,2,0
"Art",2007,2,4,0,0,0,1,2,2,1,2,2,0
"Art",2007,2,5,1,2,2,0,0,0,1,2,2,0
"Art",2007,2,6,"null","null","null","null","null","null","null","null","null","null"
"Art",2007,2,7,"null","null","null","null","null","null","null","null","null","null"
"Art",2007,2,8,"null","null","null","null","null","null","null","null","null","null"
"Art",2007,2,9,"null","null","null","null","null","null","null","null","null","null"
"Art",2007,2,10,"null","null","null","null","null","null","null","null","null","null"
"Art",2008,3,1,0,0,0,3,3,3,3,3,3,0
"Art",2008,3,2,0,0,0,2,2,2,2,2,2,1
"Art",2008,3,3,0,0,0,2,2,2,2,2,2,1
"Art",2008,3,4,0,0,0,2,2,2,2,2,2,1
"Art",2008,3,5,"null","null","null","null","null","null","null","null","null","null"
"Art",2008,3,6,"null","null","null","null","null","null","null","null","null","null"
"Art",2008,3,7,"null","null","null","null","null","null","null","null","null","null"
"Art",2008,3,8,"null","null","null","null","null","null","null","null","null","null"
"Art",2008,3,9,"null","null","null","null","null","null","null","null","null","null"
"Art",2008,3,10,"null","null","null","null","null","null","null","null","null","null"
"Art",2009,10,1,0,0,0,7,7,7,7,7,7,3
"Art",2009,10,2,0,0,0,6,6,7,6,6,7,3
"Art",2009,10,3,0,0,0,6,6,6,6,6,6,4
"Art",2009,10,4,"null","null","null","null","null","null","null","null","null","null"
"Art",2009,10,5,"null","null","null","null","null","null","null","null","null","null"
"Art",2009,10,6,"null","null","null","null","null","null","null","null","null","null"
"Art",2009,10,7,"null","null","null","null","null","null","null","null","null","null"
"Art",2009,10,8,"null","null","null","null","null","null","null","null","null","null"
"Art",2009,10,9,"null","null","null","null","null","null","null","null","null","null"
"Art",2009,10,10,"null","null","null","null","null","null","null","null","null","null"
"Art",2010,9,1,0,0,0,8,8,8,8,8,8,1
"Art",2010,9,2,0,0,0,8,8,8,8,8,8,1
"Art",2010,9,3,"null","null","null","null","null","null","null","null","null","null"
"Art",2010,9,4,"null","null","null","null","null","null","null","null","null","null"
"Art",2010,9,5,"null","null","null","null","null","null","null","null","null","null"
"Art",2010,9,6,"null","null","null","null","null","null","null","null","null","null"
"Art",2010,9,7,"null","null","null","null","null","null","null","null","null","null"
"Art",2010,9,8,"null","null","null","null","null","null","null","null","null","null"
"Art",2010,9,9,"null","null","null","null","null","null","null","null","null","null"
"Art",2010,9,10,"null","null","null","null","null","null","null","null","null","null"
"Art",2011,24,1,0,0,0,19,19,20,19,19,20,4
"Art",2011,24,2,"null","null","null","null","null","null","null","null","null","null"
"Art",2011,24,3,"null","null","null","null","null","null","null","null","null","null"
"Art",2011,24,4,"null","null","null","null","null","null","null","null","null","null"
"Art",2011,24,5,"null","null","null","null","null","null","null","null","null","null"
"Art",2011,24,6,"null","null","null","null","null","null","null","null","null","null"
"Art",2011,24,7,"null","null","null","null","null","null","null","null","null","null"
"Art",2011,24,8,"null","null","null","null","null","null","null","null","null","null"
"Art",2011,24,9,"null","null","null","null","null","null","null","null","null","null"
"Art",2011,24,10,"null","null","null","null","null","null","null","null","null","null"
"Art History",2007,1,1,0,0,0,1,1,1,1,1,1,0
"Art History",2007,1,2,0,0,0,1,1,1,1,1,1,0
"Art History",2007,1,3,0,0,0,1,1,1,1,1,1,0
"Art History",2007,1,4,0,0,0,1,1,1,1,1,1,0
"Art History",2007,1,5,0,0,0,1,1,1,1,1,1,0
"Art History",2007,1,6,"null","null","null","null","null","null","null","null","null","null"
"Art History",2007,1,7,"null","null","null","null","null","null","null","null","null","null"
"Art History",2007,1,8,"null","null","null","null","null","null","null","null","null","null"
"Art History",2007,1,9,"null","null","null","null","null","null","null","null","null","null"
"Art History",2007,1,10,"null","null","null","null","null","null","null","null","null","null"
"Art History",2008,3,1,0,0,0,2,2,3,2,2,3,0
"Art History",2008,3,2,0,0,0,2,2,3,2,2,3,0
"Art History",2008,3,3,0,0,0,1,1,3,1,1,3,0
"Art History",2008,3,4,1,1,2,0,0,1,1,1,3,0
"Art History",2008,3,5,"null","null","null","null","null","null","null","null","null","null"
"Art History",2008,3,6,"null","null","null","null","null","null","null","null","null","null"
"Art History",2008,3,7,"null","null","null","null","null","null","null","null","null","null"
"Art History",2008,3,8,"null","null","null","null","null","null","null","null","null","null"
"Art History",2008,3,9,"null","null","null","null","null","null","null","null","null","null"
"Art History",2008,3,10,"null","null","null","null","null","null","null","null","null","null"
"Art History",2009,1,1,0,0,0,1,1,1,1,1,1,0
"Art History",2009,1,2,0,0,0,0,0,0,0,0,0,1
"Art History",2009,1,3,0,0,0,0,0,0,0,0,0,1
"Art History",2009,1,4,"null","null","null","null","null","null","null","null","null","null"
"Art History",2009,1,5,"null","null","null","null","null","null","null","null","null","null"
"Art History",2009,1,6,"null","null","null","null","null","null","null","null","null","null"
"Art History",2009,1,7,"null","null","null","null","null","null","null","null","null","null"
"Art History",2009,1,8,"null","null","null","null","null","null","null","null","null","null"
"Art History",2009,1,9,"null","null","null","null","null","null","null","null","null","null"
"Art History",2009,1,10,"null","null","null","null","null","null","null","null","null","null"
"Art History",2010,1,1,0,0,0,1,1,1,1,1,1,0
"Art History",2010,1,2,0,0,0,1,1,1,1,1,1,0
"Art History",2010,1,3,"null","null","null","null","null","null","null","null","null","null"
"Art History",2010,1,4,"null","null","null","null","null","null","null","null","null","null"
"Art History",2010,1,5,"null","null","null","null","null","null","null","null","null","null"
"Art History",2010,1,6,"null","null","null","null","null","null","null","null","null","null"
"Art History",2010,1,7,"null","null","null","null","null","null","null","null","null","null"
"Art History",2010,1,8,"null","null","null","null","null","null","null","null","null","null"
"Art History",2010,1,9,"null","null","null","null","null","null","null","null","null","null"
"Art History",2010,1,10,"null","null","null","null","null","null","null","null","null","null"
"Dance",2000,8,1,0,0,0,4,0,6,4,0,6,2
"Dance",2000,8,2,0,0,0,5,0,6,5,0,6,2
"Dance",2000,8,3,0,0,0,5,0,5,5,0,5,3
"Dance",2000,8,4,4,0,4,0,0,0,4,0,4,4
"Dance",2000,8,5,4,0,4,0,0,0,4,0,4,4
"Dance",2000,8,6,4,0,4,0,0,0,4,0,4,4
"Dance",2000,8,7,4,0,4,0,0,0,4,0,4,4
"Dance",2000,8,8,4,0,4,0,0,0,4,0,4,4
"Dance",2000,8,9,4,0,4,0,0,0,4,0,4,4
"Dance",2000,8,10,4,0,4,0,0,0,4,0,4,4
"Dance",2001,11,1,0,0,0,6,0,8,6,0,8,3
"Dance",2001,11,2,0,0,0,2,0,7,2,0,7,4
"Dance",2001,11,3,0,0,0,2,0,7,2,0,7,4
"Dance",2001,11,4,1,0,4,1,0,2,2,0,6,5
"Dance",2001,11,5,2,0,6,0,0,0,2,0,6,5
"Dance",2001,11,6,2,0,6,0,0,1,2,0,7,4
"Dance",2001,11,7,2,0,7,0,0,0,2,0,7,4
"Dance",2001,11,8,"null","null","null","null","null","null","null","null","null","null"
"Dance",2001,11,9,"null","null","null","null","null","null","null","null","null","null"
"Dance",2001,11,10,"null","null","null","null","null","null","null","null","null","null"
"Dance",2002,3,1,0,0,0,2,0,3,2,0,3,0
"Dance",2002,3,2,0,0,0,2,0,3,2,0,3,0
"Dance",2002,3,3,0,0,0,2,0,3,2,0,3,0
"Dance",2002,3,4,1,0,1,1,0,2,2,0,3,0
"Dance",2002,3,5,1,0,2,0,0,1,1,0,3,0
"Dance",2002,3,6,1,0,2,0,1,1,1,1,3,0
"Dance",2002,3,7,1,0,2,0,1,1,1,1,3,0
"Dance",2002,3,8,1,1,3,0,0,0,1,1,3,0
"Dance",2002,3,9,1,1,3,0,0,0,1,1,3,0
"Dance",2002,3,10,1,1,3,0,0,0,1,1,3,0
"Dance",2003,16,1,0,0,0,11,0,15,11,0,15,1
"Dance",2003,16,2,0,0,0,7,0,12,7,0,12,4
"Dance",2003,16,3,1,0,1,7,0,11,8,0,12,4
"Dance",2003,16,4,7,0,8,1,0,3,8,0,11,5
"Dance",2003,16,5,8,0,11,0,0,1,8,0,12,4
"Dance",2003,16,6,8,0,11,1,1,2,9,1,13,3
"Dance",2003,16,7,9,1,12,0,0,1,9,1,13,3
"Dance",2003,16,8,9,1,12,0,0,0,9,1,12,4
"Dance",2003,16,9,9,1,12,0,0,0,9,1,12,4
"Dance",2003,16,10,"null","null","null","null","null","null","null","null","null","null"
"Dance",2004,11,1,0,0,0,9,0,10,9,0,10,1
"Dance",2004,11,2,0,0,0,6,0,8,6,0,8,3
"Dance",2004,11,3,0,0,0,3,0,6,3,0,6,5
"Dance",2004,11,4,3,0,5,1,1,2,4,1,7,4
"Dance",2004,11,5,3,0,5,0,0,1,3,0,6,5
"Dance",2004,11,6,3,0,6,0,0,0,3,0,6,5
"Dance",2004,11,7,3,0,6,0,0,0,3,0,6,5
"Dance",2004,11,8,3,0,6,0,0,0,3,0,6,5
"Dance",2004,11,9,"null","null","null","null","null","null","null","null","null","null"
"Dance",2004,11,10,"null","null","null","null","null","null","null","null","null","null"
"Dance",2005,8,1,0,0,0,4,0,6,4,0,6,2
"Dance",2005,8,2,0,0,0,2,0,6,2,0,6,2
"Dance",2005,8,3,0,0,0,2,4,6,2,4,6,2
"Dance",2005,8,4,2,4,5,0,0,1,2,4,6,2
"Dance",2005,8,5,2,4,6,0,0,0,2,4,6,2
"Dance",2005,8,6,2,4,6,0,0,0,2,4,6,2
"Dance",2005,8,7,2,4,6,0,0,0,2,4,6,2
"Dance",2005,8,8,"null","null","null","null","null","null","null","null","null","null"
"Dance",2005,8,9,"null","null","null","null","null","null","null","null","null","null"
"Dance",2005,8,10,"null","null","null","null","null","null","null","null","null","null"
"Dance",2006,9,1,0,0,0,5,0,6,5,0,6,3
"Dance",2006,9,2,0,0,0,3,4,6,3,4,6,3
"Dance",2006,9,3,0,0,1,2,3,5,2,3,6,3
"Dance",2006,9,4,2,2,4,0,1,2,2,3,6,3
"Dance",2006,9,5,2,3,6,0,0,1,2,3,7,2
"Dance",2006,9,6,2,3,6,0,0,1,2,3,7,2
"Dance",2006,9,7,"null","null","null","null","null","null","null","null","null","null"
"Dance",2006,9,8,"null","null","null","null","null","null","null","null","null","null"
"Dance",2006,9,9,"null","null","null","null","null","null","null","null","null","null"
"Dance",2006,9,10,"null","null","null","null","null","null","null","null","null","null"
"Dance",2007,9,1,0,0,0,3,3,5,3,3,5,4
"Dance",2007,9,2,0,0,0,0,2,5,0,2,5,4
"Dance",2007,9,3,0,0,0,0,2,5,0,2,5,4
"Dance",2007,9,4,0,0,1,1,2,4,1,2,5,4
"Dance",2007,9,5,2,3,5,0,0,0,2,3,5,4
"Dance",2007,9,6,"null","null","null","null","null","null","null","null","null","null"
"Dance",2007,9,7,"null","null","null","null","null","null","null","null","null","null"
"Dance",2007,9,8,"null","null","null","null","null","null","null","null","null","null"
"Dance",2007,9,9,"null","null","null","null","null","null","null","null","null","null"
"Dance",2007,9,10,"null","null","null","null","null","null","null","null","null","null"
"Dance",2008,9,1,0,0,0,6,8,8,6,8,8,1
"Dance",2008,9,2,1,1,1,2,4,5,3,5,6,3
"Dance",2008,9,3,1,1,1,4,4,5,5,5,6,3
"Dance",2008,9,4,2,2,2,3,4,4,5,6,6,3
"Dance",2008,9,5,"null","null","null","null","null","null","null","null","null","null"
"Dance",2008,9,6,"null","null","null","null","null","null","null","null","null","null"
"Dance",2008,9,7,"null","null","null","null","null","null","null","null","null","null"
"Dance",2008,9,8,"null","null","null","null","null","null","null","null","null","null"
"Dance",2008,9,9,"null","null","null","null","null","null","null","null","null","null"
"Dance",2008,9,10,"null","null","null","null","null","null","null","null","null","null"
"Dance",2009,8,1,0,0,0,5,5,6,5,5,6,2
"Dance",2009,8,2,0,0,0,4,4,6,4,4,6,2
"Dance",2009,8,3,0,0,0,4,4,7,4,4,7,1
"Dance",2009,8,4,"null","null","null","null","null","null","null","null","null","null"
"Dance",2009,8,5,"null","null","null","null","null","null","null","null","null","null"
"Dance",2009,8,6,"null","null","null","null","null","null","null","null","null","null"
"Dance",2009,8,7,"null","null","null","null","null","null","null","null","null","null"
"Dance",2009,8,8,"null","null","null","null","null","null","null","null","null","null"
"Dance",2009,8,9,"null","null","null","null","null","null","null","null","null","null"
"Dance",2009,8,10,"null","null","null","null","null","null","null","null","null","null"
"Dance",2010,9,1,0,0,0,7,7,8,7,7,8,1
"Dance",2010,9,2,0,0,0,5,5,6,5,5,6,3
"Dance",2010,9,3,"null","null","null","null","null","null","null","null","null","null"
"Dance",2010,9,4,"null","null","null","null","null","null","null","null","null","null"
"Dance",2010,9,5,"null","null","null","null","null","null","null","null","null","null"
"Dance",2010,9,6,"null","null","null","null","null","null","null","null","null","null"
"Dance",2010,9,7,"null","null","null","null","null","null","null","null","null","null"
"Dance",2010,9,8,"null","null","null","null","null","null","null","null","null","null"
"Dance",2010,9,9,"null","null","null","null","null","null","null","null","null","null"
"Dance",2010,9,10,"null","null","null","null","null","null","null","null","null","null"
"Dance",2011,16,1,0,0,0,11,11,12,11,11,12,4
"Dance",2011,16,2,"null","null","null","null","null","null","null","null","null","null"
"Dance",2011,16,3,"null","null","null","null","null","null","null","null","null","null"
"Dance",2011,16,4,"null","null","null","null","null","null","null","null","null","null"
"Dance",2011,16,5,"null","null","null","null","null","null","null","null","null","null"
"Dance",2011,16,6,"null","null","null","null","null","null","null","null","null","null"
"Dance",2011,16,7,"null","null","null","null","null","null","null","null","null","null"
"Dance",2011,16,8,"null","null","null","null","null","null","null","null","null","null"
"Dance",2011,16,9,"null","null","null","null","null","null","null","null","null","null"
"Dance",2011,16,10,"null","null","null","null","null","null","null","null","null","null"
"Dance Education",2001,2,1,0,1,0,1,0,2,1,0,2,0
"Dance Education",2001,2,2,0,2,0,0,0,1,0,0,1,1
"Dance Education",2001,2,3,0,3,0,0,0,0,0,0,0,2
"Dance Education",2001,2,4,0,4,0,0,0,0,0,0,0,2
"Dance Education",2001,2,5,0,5,0,0,0,0,0,0,0,2
"Dance Education",2001,2,6,0,6,0,0,0,0,0,0,0,2
"Dance Education",2001,2,7,0,7,0,0,0,0,0,0,0,2
"Dance Education",2001,2,8,0,8,0,0,0,0,0,0,0,2
"Dance Education",2001,2,9,0,9,0,0,0,0,0,0,0,2
"Dance Education",2001,2,10,0,10,0,0,0,0,0,0,0,2
"Dance Education",2002,1,1,0,0,0,1,0,1,1,0,1,0
"Dance Education",2002,1,2,0,0,0,1,0,1,1,0,1,0
"Dance Education",2002,1,3,0,0,0,1,0,1,1,0,1,0
"Dance Education",2002,1,4,0,0,0,1,0,1,1,0,1,0
"Dance Education",2002,1,5,0,0,0,0,0,0,0,0,0,1
"Dance Education",2002,1,6,1,0,1,0,0,0,1,0,1,0
"Dance Education",2002,1,7,1,0,1,0,0,0,1,0,1,0
"Dance Education",2002,1,8,1,0,1,0,0,0,1,0,1,0
"Dance Education",2002,1,9,1,0,1,0,0,0,1,0,1,0
"Dance Education",2002,1,10,1,0,1,0,0,0,1,0,1,0
"Dance Education",2003,6,1,0,0,0,6,0,6,6,0,6,0
"Dance Education",2003,6,2,0,0,0,2,0,4,2,0,4,2
"Dance Education",2003,6,3,0,0,0,2,0,4,2,0,4,2
"Dance Education",2003,6,4,2,0,2,0,0,1,2,0,3,3
"Dance Education",2003,6,5,2,0,4,0,0,0,2,0,4,2
"Dance Education",2003,6,6,2,0,4,0,0,0,2,0,4,2
"Dance Education",2003,6,7,2,0,4,0,0,0,2,0,4,2
"Dance Education",2003,6,8,2,0,4,0,0,0,2,0,4,2
"Dance Education",2003,6,9,2,0,4,0,0,0,2,0,4,2
"Dance Education",2003,6,10,"null","null","null","null","null","null","null","null","null","null"
"Dance Education",2004,2,1,0,0,0,1,0,2,1,0,2,0
"Dance Education",2004,2,2,0,0,0,0,0,2,0,0,2,0
"Dance Education",2004,2,3,0,0,0,0,0,2,0,0,2,0
"Dance Education",2004,2,4,0,0,2,0,0,0,0,0,2,0
"Dance Education",2004,2,5,0,0,2,0,0,0,0,0,2,0
"Dance Education",2004,2,6,0,0,2,0,0,0,0,0,2,0
"Dance Education",2004,2,7,0,0,2,0,0,0,0,0,2,0
"Dance Education",2004,2,8,0,0,2,0,0,0,0,0,2,0
"Dance Education",2004,2,9,"null","null","null","null","null","null","null","null","null","null"
"Dance Education",2004,2,10,"null","null","null","null","null","null","null","null","null","null"
"Dance Education",2005,5,1,0,0,0,4,0,4,4,0,4,1
"Dance Education",2005,5,2,0,0,0,3,0,3,3,0,3,2
"Dance Education",2005,5,3,0,0,0,1,3,3,1,3,3,2
"Dance Education",2005,5,4,1,2,2,0,1,1,1,3,3,2
"Dance Education",2005,5,5,1,3,3,0,0,0,1,3,3,2
"Dance Education",2005,5,6,1,3,3,0,0,0,1,3,3,2
"Dance Education",2005,5,7,1,3,3,0,0,0,1,3,3,2
"Dance Education",2005,5,8,"null","null","null","null","null","null","null","null","null","null"
"Dance Education",2005,5,9,"null","null","null","null","null","null","null","null","null","null"
"Dance Education",2005,5,10,"null","null","null","null","null","null","null","null","null","null"
"Dance Education",2006,11,1,0,0,0,7,0,9,7,0,9,2
"Dance Education",2006,11,2,0,0,0,5,6,8,5,6,8,3
"Dance Education",2006,11,3,0,0,0,4,6,8,4,6,8,3
"Dance Education",2006,11,4,3,4,6,0,1,1,3,5,7,4
"Dance Education",2006,11,5,3,4,6,0,1,1,3,5,7,4
"Dance Education",2006,11,6,3,4,6,0,0,0,3,4,6,5
"Dance Education",2006,11,7,"null","null","null","null","null","null","null","null","null","null"
"Dance Education",2006,11,8,"null","null","null","null","null","null","null","null","null","null"
"Dance Education",2006,11,9,"null","null","null","null","null","null","null","null","null","null"
"Dance Education",2006,11,10,"null","null","null","null","null","null","null","null","null","null"
"Dance Education",2007,5,1,0,0,0,4,5,5,4,5,5,0
"Dance Education",2007,5,2,0,0,0,3,4,4,3,4,4,1
"Dance Education",2007,5,3,0,0,0,3,4,4,3,4,4,1
"Dance Education",2007,5,4,3,4,4,0,0,0,3,4,4,1
"Dance Education",2007,5,5,3,4,4,0,0,0,3,4,4,1
"Dance Education",2007,5,6,"null","null","null","null","null","null","null","null","null","null"
"Dance Education",2007,5,7,"null","null","null","null","null","null","null","null","null","null"
"Dance Education",2007,5,8,"null","null","null","null","null","null","null","null","null","null"
"Dance Education",2007,5,9,"null","null","null","null","null","null","null","null","null","null"
"Dance Education",2007,5,10,"null","null","null","null","null","null","null","null","null","null"
"Dance Education",2008,8,1,0,0,0,6,6,7,6,6,7,1
"Dance Education",2008,8,2,0,0,0,5,5,6,5,5,6,2
"Dance Education",2008,8,3,0,0,0,3,5,6,3,5,6,2
"Dance Education",2008,8,4,1,1,1,1,4,5,2,5,6,2
"Dance Education",2008,8,5,"null","null","null","null","null","null","null","null","null","null"
"Dance Education",2008,8,6,"null","null","null","null","null","null","null","null","null","null"
"Dance Education",2008,8,7,"null","null","null","null","null","null","null","null","null","null"
"Dance Education",2008,8,8,"null","null","null","null","null","null","null","null","null","null"
"Dance Education",2008,8,9,"null","null","null","null","null","null","null","null","null","null"
"Dance Education",2008,8,10,"null","null","null","null","null","null","null","null","null","null"
"Dance Education",2009,7,1,0,0,0,6,6,7,6,6,7,0
"Dance Education",2009,7,2,0,0,0,5,5,7,5,5,7,0
"Dance Education",2009,7,3,0,0,0,5,5,7,5,5,7,0
"Dance Education",2009,7,4,"null","null","null","null","null","null","null","null","null","null"
"Dance Education",2009,7,5,"null","null","null","null","null","null","null","null","null","null"
"Dance Education",2009,7,6,"null","null","null","null","null","null","null","null","null","null"
"Dance Education",2009,7,7,"null","null","null","null","null","null","null","null","null","null"
"Dance Education",2009,7,8,"null","null","null","null","null","null","null","null","null","null"
"Dance Education",2009,7,9,"null","null","null","null","null","null","null","null","null","null"
"Dance Education",2009,7,10,"null","null","null","null","null","null","null","null","null","null"
"Dance Education",2010,4,1,0,0,0,2,3,4,2,3,4,0
"Dance Education",2010,4,2,0,0,0,1,3,4,1,3,4,0
"Dance Education",2010,4,3,"null","null","null","null","null","null","null","null","null","null"
"Dance Education",2010,4,4,"null","null","null","null","null","null","null","null","null","null"
"Dance Education",2010,4,5,"null","null","null","null","null","null","null","null","null","null"
"Dance Education",2010,4,6,"null","null","null","null","null","null","null","null","null","null"
"Dance Education",2010,4,7,"null","null","null","null","null","null","null","null","null","null"
"Dance Education",2010,4,8,"null","null","null","null","null","null","null","null","null","null"
"Dance Education",2010,4,9,"null","null","null","null","null","null","null","null","null","null"
"Dance Education",2010,4,10,"null","null","null","null","null","null","null","null","null","null"
"Music",2000,10,1,0,0,0,6,0,6,6,0,6,4
"Music",2000,10,2,0,0,0,0,0,4,0,0,4,6
"Music",2000,10,3,0,0,0,0,0,3,0,0,3,7
"Music",2000,10,4,0,0,0,0,0,3,0,0,3,7
"Music",2000,10,5,0,0,1,0,0,3,0,0,4,6
"Music",2000,10,6,0,0,2,1,0,2,1,0,4,6
"Music",2000,10,7,0,0,3,1,0,1,1,0,4,6
"Music",2000,10,8,1,1,4,0,0,0,1,1,4,6
"Music",2000,10,9,"null","null","null","null","null","null","null","null","null","null"
"Music",2000,10,10,1,1,4,0,0,1,1,1,5,5
"Music",2001,12,1,0,0,0,0,0,10,0,0,10,2
"Music",2001,12,2,0,0,0,0,0,7,0,0,7,5
"Music",2001,12,3,0,0,0,0,0,6,0,0,6,6
"Music",2001,12,4,0,0,1,0,0,5,0,0,6,6
"Music",2001,12,5,0,0,5,0,0,1,0,0,6,6
"Music",2001,12,6,0,0,5,0,0,1,0,0,6,6
"Music",2001,12,6,0,0,5,0,0,1,0,0,6,6
"Music",2001,12,8,0,0,5,0,1,1,0,1,6,6
"Music",2001,12,9,0,0,5,0,1,1,0,1,6,6
"Music",2001,12,10,0,0,5,0,0,1,0,0,6,6
"Music",2002,7,1,0,0,0,3,0,5,3,0,5,2
"Music",2002,7,2,0,0,0,3,0,6,3,0,6,1
"Music",2002,7,3,0,0,0,2,0,6,2,0,6,1
"Music",2002,7,4,1,0,1,1,0,3,2,0,4,3
"Music",2002,7,5,2,0,2,0,0,2,2,0,4,3
"Music",2002,7,6,2,0,2,0,2,2,2,2,4,3
"Music",2002,7,7,2,0,2,0,1,1,2,1,3,4
"Music",2002,7,8,2,0,2,0,1,2,2,1,4,3
"Music",2002,7,9,2,2,4,0,0,1,2,2,5,2
"Music",2002,7,10,"null","null","null","null","null","null","null","null","null","null"
"Music",2003,5,1,0,0,0,3,0,4,3,0,4,1
"Music",2003,5,2,0,0,0,3,0,4,3,0,4,1
"Music",2003,5,3,0,0,0,2,0,4,2,0,4,1
"Music",2003,5,4,0,0,2,0,0,0,0,0,2,3
"Music",2003,5,5,0,0,3,0,0,0,0,0,3,2
"Music",2003,5,6,"null","null","null","null","null","null","null","null","null","null"
"Music",2003,5,7,"null","null","null","null","null","null","null","null","null","null"
"Music",2003,5,8,"null","null","null","null","null","null","null","null","null","null"
"Music",2003,5,9,"null","null","null","null","null","null","null","null","null","null"
"Music",2003,5,10,"null","null","null","null","null","null","null","null","null","null"
"Music",2004,3,1,0,0,0,1,0,1,1,0,1,2
"Music",2004,3,2,"null","null","null","null","null","null","null","null","null","null"
"Music",2004,3,3,0,0,0,1,0,1,1,0,1,2
"Music",2004,3,4,1,1,1,0,0,0,1,1,1,2
"Music",2004,3,5,"null","null","null","null","null","null","null","null","null","null"
"Music",2004,3,6,"null","null","null","null","null","null","null","null","null","null"
"Music",2004,3,7,"null","null","null","null","null","null","null","null","null","null"
"Music",2004,3,8,"null","null","null","null","null","null","null","null","null","null"
"Music",2004,3,9,"null","null","null","null","null","null","null","null","null","null"
"Music",2004,3,10,"null","null","null","null","null","null","null","null","null","null"
"Music",2005,4,1,0,0,0,2,0,3,2,0,3,1
"Music",2005,4,2,0,0,0,2,0,3,2,0,3,1
"Music",2005,4,3,0,0,0,1,2,3,1,2,3,1
"Music",2005,4,4,0,0,0,0,2,3,0,2,3,1
"Music",2005,4,5,1,3,3,0,0,0,1,3,3,1
"Music",2005,4,6,"null","null","null","null","null","null","null","null","null","null"
"Music",2005,4,7,"null","null","null","null","null","null","null","null","null","null"
"Music",2005,4,8,"null","null","null","null","null","null","null","null","null","null"
"Music",2005,4,9,"null","null","null","null","null","null","null","null","null","null"
"Music",2005,4,10,"null","null","null","null","null","null","null","null","null","null"
"Music",2006,4,1,0,0,0,3,0,4,3,0,4,0
"Music",2006,4,2,0,0,0,2,3,3,2,3,3,1
"Music",2006,4,3,0,0,0,3,4,4,3,4,4,0
"Music",2006,4,4,1,1,1,2,2,2,3,3,3,1
"Music",2006,4,5,3,3,3,0,0,1,3,3,4,0
"Music",2006,4,6,"null","null","null","null","null","null","null","null","null","null"
"Music",2006,4,7,"null","null","null","null","null","null","null","null","null","null"
"Music",2006,4,8,"null","null","null","null","null","null","null","null","null","null"
"Music",2006,4,9,"null","null","null","null","null","null","null","null","null","null"
"Music",2006,4,10,"null","null","null","null","null","null","null","null","null","null"
"Music",2007,7,1,0,0,0,5,5,7,5,5,7,0
"Music",2007,7,2,0,0,0,2,3,7,2,3,7,0
"Music",2007,7,3,0,0,1,0,2,4,0,2,5,2
"Music",2007,7,4,0,2,4,0,0,1,0,2,5,2
"Music",2007,7,5,0,2,5,0,0,0,0,2,5,2
"Music",2007,7,6,"null","null","null","null","null","null","null","null","null","null"
"Music",2007,7,7,"null","null","null","null","null","null","null","null","null","null"
"Music",2007,7,8,"null","null","null","null","null","null","null","null","null","null"
"Music",2007,7,9,"null","null","null","null","null","null","null","null","null","null"
"Music",2007,7,10,"null","null","null","null","null","null","null","null","null","null"
"Music",2008,7,1,0,0,0,4,4,7,4,4,7,0
"Music",2008,7,2,0,0,0,3,3,6,3,3,6,1
"Music",2008,7,3,0,0,0,1,1,4,1,1,4,3
"Music",2008,7,4,0,0,2,1,1,2,1,1,4,3
"Music",2008,7,5,1,1,3,0,0,0,1,1,3,4
"Music",2008,7,6,"null","null","null","null","null","null","null","null","null","null"
"Music",2008,7,7,"null","null","null","null","null","null","null","null","null","null"
"Music",2008,7,8,"null","null","null","null","null","null","null","null","null","null"
"Music",2008,7,9,"null","null","null","null","null","null","null","null","null","null"
"Music",2008,7,10,"null","null","null","null","null","null","null","null","null","null"
"Music",2009,4,1,0,0,0,1,2,2,1,2,2,2
"Music",2009,4,2,0,0,0,1,2,3,1,2,3,1
"Music",2009,4,3,0,0,0,1,2,3,1,2,3,1
"Music",2009,4,4,1,2,2,0,0,0,1,2,2,2
"Music",2009,4,5,"null","null","null","null","null","null","null","null","null","null"
"Music",2009,4,6,"null","null","null","null","null","null","null","null","null","null"
"Music",2009,4,7,"null","null","null","null","null","null","null","null","null","null"
"Music",2009,4,8,"null","null","null","null","null","null","null","null","null","null"
"Music",2009,4,9,"null","null","null","null","null","null","null","null","null","null"
"Music",2009,4,10,"null","null","null","null","null","null","null","null","null","null"
"Music",2010,4,1,0,0,0,2,3,4,2,3,4,0
"Music",2010,4,2,0,0,0,2,3,4,2,3,4,0
"Music",2010,4,3,"null","null","null","null","null","null","null","null","null","null"
"Music",2010,4,4,"null","null","null","null","null","null","null","null","null","null"
"Music",2010,4,5,"null","null","null","null","null","null","null","null","null","null"
"Music",2010,4,6,"null","null","null","null","null","null","null","null","null","null"
"Music",2010,4,7,"null","null","null","null","null","null","null","null","null","null"
"Music",2010,4,8,"null","null","null","null","null","null","null","null","null","null"
"Music",2010,4,9,"null","null","null","null","null","null","null","null","null","null"
"Music",2010,4,10,"null","null","null","null","null","null","null","null","null","null"
"Music",2011,6,1,0,0,0,2,3,5,2,3,5,1
"Music",2011,6,2,"null","null","null","null","null","null","null","null","null","null"
"Music",2011,6,3,"null","null","null","null","null","null","null","null","null","null"
"Music",2011,6,4,"null","null","null","null","null","null","null","null","null","null"
"Music",2011,6,5,"null","null","null","null","null","null","null","null","null","null"
"Music",2011,6,6,"null","null","null","null","null","null","null","null","null","null"
"Music",2011,6,7,"null","null","null","null","null","null","null","null","null","null"
"Music",2011,6,8,"null","null","null","null","null","null","null","null","null","null"
"Music",2011,6,9,"null","null","null","null","null","null","null","null","null","null"
"Music",2011,6,10,"null","null","null","null","null","null","null","null","null","null"
"Music Education",2000,6,1,0,0,0,2,0,4,2,0,4,2
"Music Education",2000,6,2,0,0,0,2,0,4,2,0,4,2
"Music Education",2000,6,3,0,0,0,2,0,3,2,0,3,3
"Music Education",2000,6,4,1,0,1,2,0,2,3,0,3,3
"Music Education",2000,6,5,2,0,2,1,0,1,3,0,3,3
"Music Education",2000,6,6,2,0,2,1,0,1,3,0,3,3
"Music Education",2000,6,7,2,0,2,1,0,1,3,0,3,3
"Music Education",2000,6,8,3,0,3,0,0,0,3,0,3,3
"Music Education",2000,6,9,3,0,3,0,0,1,3,0,4,2
"Music Education",2000,6,10,3,0,3,0,0,0,3,0,3,3
"Music Education",2001,5,1,0,0,0,3,0,5,3,0,5,0
"Music Education",2001,5,2,0,0,0,2,0,4,2,0,4,1
"Music Education",2001,5,3,0,0,0,2,0,4,2,0,4,1
"Music Education",2001,5,4,0,0,0,3,0,4,3,0,4,1
"Music Education",2001,5,5,2,0,3,1,0,1,3,0,4,1
"Music Education",2001,5,6,2,0,3,1,0,1,3,0,4,1
"Music Education",2001,5,7,3,0,4,0,0,0,3,0,4,1
"Music Education",2001,5,8,3,0,4,0,0,0,3,0,4,1
"Music Education",2001,5,9,3,0,4,0,0,0,3,0,4,1
"Music Education",2001,5,10,3,0,4,0,0,0,3,0,4,1
"Music Education",2002,8,1,0,0,0,6,0,6,6,0,6,2
"Music Education",2002,8,2,0,0,0,3,0,4,3,0,4,4
"Music Education",2002,8,3,0,0,0,3,0,4,3,0,4,4
"Music Education",2002,8,4,1,0,1,2,0,3,3,0,4,4
"Music Education",2002,8,5,2,0,2,1,0,2,3,0,4,4
"Music Education",2002,8,6,2,0,2,0,0,1,2,0,3,5
"Music Education",2002,8,7,2,0,4,0,0,0,2,0,4,4
"Music Education",2002,8,8,2,0,4,0,0,0,2,0,4,4
"Music Education",2002,8,9,2,0,4,0,0,0,2,0,4,4
"Music Education",2002,8,10,2,0,4,0,0,0,2,0,4,4
"Music Education",2003,7,1,0,0,0,6,0,7,6,0,7,0
"Music Education",2003,7,2,0,0,0,5,0,6,5,0,6,1
"Music Education",2003,7,3,0,0,0,5,0,6,5,0,6,1
"Music Education",2003,7,4,0,0,1,2,0,4,2,0,5,2
"Music Education",2003,7,5,1,0,3,1,1,1,2,1,4,3
"Music Education",2003,7,6,1,0,3,0,1,1,1,1,4,3
"Music Education",2003,7,7,1,1,4,0,0,1,1,1,5,2
"Music Education",2003,7,8,1,1,4,0,0,0,1,1,4,3
"Music Education",2003,7,9,1,1,4,0,0,0,1,1,4,3
"Music Education",2003,7,10,"null","null","null","null","null","null","null","null","null","null"
"Music Education",2004,3,1,0,0,0,1,0,2,1,0,2,1
"Music Education",2004,3,2,0,0,0,0,0,2,0,0,2,1
"Music Education",2004,3,3,0,0,0,0,0,2,0,0,2,1
"Music Education",2004,3,4,0,0,0,0,0,2,0,0,2,1
"Music Education",2004,3,5,0,0,0,0,0,1,0,0,1,2
"Music Education",2004,3,6,0,1,1,0,0,0,0,1,1,2
"Music Education",2004,3,7,0,1,1,0,0,0,0,1,1,2
"Music Education",2004,3,8,0,1,1,0,0,0,0,1,1,2
"Music Education",2004,3,9,"null","null","null","null","null","null","null","null","null","null"
"Music Education",2004,3,10,"null","null","null","null","null","null","null","null","null","null"
"Music Education",2005,5,1,0,0,0,4,0,4,4,0,4,1
"Music Education",2005,5,2,0,0,0,2,0,3,2,0,3,2
"Music Education",2005,5,3,0,0,0,2,3,3,2,3,3,2
"Music Education",2005,5,4,1,2,2,0,1,1,1,3,3,2
"Music Education",2005,5,5,1,2,2,0,1,2,1,3,4,1
"Music Education",2005,5,6,1,3,3,0,0,0,1,3,3,2
"Music Education",2005,5,7,1,3,3,0,0,0,1,3,3,2
"Music Education",2005,5,8,"null","null","null","null","null","null","null","null","null","null"
"Music Education",2005,5,9,"null","null","null","null","null","null","null","null","null","null"
"Music Education",2005,5,10,"null","null","null","null","null","null","null","null","null","null"
"Music Education",2006,8,1,0,0,0,6,0,8,6,0,8,0
"Music Education",2006,8,2,0,0,0,4,4,7,4,4,7,1
"Music Education",2006,8,3,0,0,0,2,2,5,2,2,5,3
"Music Education",2006,8,4,0,0,0,2,2,5,2,2,5,3
"Music Education",2006,8,5,0,0,1,0,1,3,0,1,4,4
"Music Education",2006,8,6,0,1,2,0,0,1,0,1,3,5
"Music Education",2006,8,7,"null","null","null","null","null","null","null","null","null","null"
"Music Education",2006,8,8,"null","null","null","null","null","null","null","null","null","null"
"Music Education",2006,8,9,"null","null","null","null","null","null","null","null","null","null"
"Music Education",2006,8,10,"null","null","null","null","null","null","null","null","null","null"
"Music Education",2007,8,1,0,0,0,4,6,6,4,6,6,2
"Music Education",2007,8,2,0,0,0,1,5,6,1,5,6,2
"Music Education",2007,8,3,0,0,0,1,3,4,1,3,4,4
"Music Education",2007,8,4,0,0,0,1,3,5,1,3,5,3
"Music Education",2007,8,5,1,2,3,0,0,1,1,2,4,4
"Music Education",2007,8,6,"null","null","null","null","null","null","null","null","null","null"
"Music Education",2007,8,7,"null","null","null","null","null","null","null","null","null","null"
"Music Education",2007,8,8,"null","null","null","null","null","null","null","null","null","null"
"Music Education",2007,8,9,"null","null","null","null","null","null","null","null","null","null"
"Music Education",2007,8,10,"null","null","null","null","null","null","null","null","null","null"
"Music Education",2008,15,1,0,0,0,9,10,12,9,10,12,3
"Music Education",2008,15,2,0,0,0,8,9,11,8,9,11,4
"Music Education",2008,15,3,0,0,0,7,8,11,7,8,11,4
"Music Education",2008,15,4,4,4,4,3,3,5,7,7,9,6
"Music Education",2008,15,5,"null","null","null","null","null","null","null","null","null","null"
"Music Education",2008,15,6,"null","null","null","null","null","null","null","null","null","null"
"Music Education",2008,15,7,"null","null","null","null","null","null","null","null","null","null"
"Music Education",2008,15,8,"null","null","null","null","null","null","null","null","null","null"
"Music Education",2008,15,9,"null","null","null","null","null","null","null","null","null","null"
"Music Education",2008,15,10,"null","null","null","null","null","null","null","null","null","null"
"Music Education",2009,5,1,0,0,0,3,4,4,3,4,4,1
"Music Education",2009,5,2,0,0,0,2,3,3,2,3,3,2
"Music Education",2009,5,3,0,0,0,2,3,3,2,3,3,2
"Music Education",2009,5,4,"null","null","null","null","null","null","null","null","null","null"
"Music Education",2009,5,5,"null","null","null","null","null","null","null","null","null","null"
"Music Education",2009,5,6,"null","null","null","null","null","null","null","null","null","null"
"Music Education",2009,5,7,"null","null","null","null","null","null","null","null","null","null"
"Music Education",2009,5,8,"null","null","null","null","null","null","null","null","null","null"
"Music Education",2009,5,9,"null","null","null","null","null","null","null","null","null","null"
"Music Education",2009,5,10,"null","null","null","null","null","null","null","null","null","null"
"Music Education",2010,4,1,0,0,0,4,4,4,4,4,4,0
"Music Education",2010,4,2,0,0,0,2,3,3,2,3,3,1
"Music Education",2010,4,3,"null","null","null","null","null","null","null","null","null","null"
"Music Education",2010,4,4,"null","null","null","null","null","null","null","null","null","null"
"Music Education",2010,4,5,"null","null","null","null","null","null","null","null","null","null"
"Music Education",2010,4,6,"null","null","null","null","null","null","null","null","null","null"
"Music Education",2010,4,7,"null","null","null","null","null","null","null","null","null","null"
"Music Education",2010,4,8,"null","null","null","null","null","null","null","null","null","null"
"Music Education",2010,4,9,"null","null","null","null","null","null","null","null","null","null"
"Music Education",2010,4,10,"null","null","null","null","null","null","null","null","null","null"
"Music Education",2011,12,1,0,0,0,9,12,12,9,12,12,0
"Music Education",2011,12,2,"null","null","null","null","null","null","null","null","null","null"
"Music Education",2011,12,3,"null","null","null","null","null","null","null","null","null","null"
"Music Education",2011,12,4,"null","null","null","null","null","null","null","null","null","null"
"Music Education",2011,12,5,"null","null","null","null","null","null","null","null","null","null"
"Music Education",2011,12,6,"null","null","null","null","null","null","null","null","null","null"
"Music Education",2011,12,7,"null","null","null","null","null","null","null","null","null","null"
"Music Education",2011,12,8,"null","null","null","null","null","null","null","null","null","null"
"Music Education",2011,12,9,"null","null","null","null","null","null","null","null","null","null"
"Music Education",2011,12,10,"null","null","null","null","null","null","null","null","null","null"
"Music Performance",2002,1,1,0,0,0,1,0,1,1,0,1,0
"Music Performance",2002,1,2,0,0,0,0,0,1,0,0,1,0
"Music Performance",2002,1,3,0,0,0,0,0,1,0,0,1,0
"Music Performance",2002,1,4,0,0,0,0,0,1,0,0,1,0
"Music Performance",2002,1,5,"null","null","null","null","null","null","null","null","null","null"
"Music Performance",2002,1,6,"null","null","null","null","null","null","null","null","null","null"
"Music Performance",2002,1,7,"null","null","null","null","null","null","null","null","null","null"
"Music Performance",2002,1,8,"null","null","null","null","null","null","null","null","null","null"
"Music Performance",2002,1,9,"null","null","null","null","null","null","null","null","null","null"
"Music Performance",2002,1,10,"null","null","null","null","null","null","null","null","null","null"
"Music Performance",2003,2,1,0,0,0,0,0,1,0,0,1,1
"Music Performance",2003,2,2,0,0,0,0,0,1,0,0,1,1
"Music Performance",2004,7,1,0,0,0,6,0,7,6,0,7,0
"Music Performance",2004,7,2,0,0,0,2,0,5,2,0,5,2
"Music Performance",2004,7,3,0,0,0,2,0,5,2,0,5,2
"Music Performance",2004,7,4,1,0,2,1,3,4,2,3,6,1
"Music Performance",2004,7,5,1,1,3,0,1,2,1,2,5,2
"Music Performance",2004,7,6,1,2,4,0,0,1,1,2,5,2
"Music Performance",2004,7,7,1,2,4,0,0,1,1,2,5,2
"Music Performance",2004,7,8,1,2,5,0,0,0,1,2,5,2
"Music Performance",2004,7,9,"null","null","null","null","null","null","null","null","null","null"
"Music Performance",2004,7,10,"null","null","null","null","null","null","null","null","null","null"
"Music Performance",2005,5,1,0,0,0,3,0,4,3,0,4,1
"Music Performance",2005,5,2,0,0,0,1,0,3,1,0,3,2
"Music Performance",2005,5,3,0,0,0,0,2,4,0,2,4,1
"Music Performance",2005,5,4,0,0,2,0,2,2,0,2,4,1
"Music Performance",2005,5,5,0,2,4,0,0,0,0,2,4,1
"Music Performance",2005,5,6,"null","null","null","null","null","null","null","null","null","null"
"Music Performance",2005,5,7,"null","null","null","null","null","null","null","null","null","null"
"Music Performance",2005,5,8,"null","null","null","null","null","null","null","null","null","null"
"Music Performance",2005,5,9,"null","null","null","null","null","null","null","null","null","null"
"Music Performance",2005,5,10,"null","null","null","null","null","null","null","null","null","null"
"Music Performance",2006,3,1,0,0,0,1,0,2,1,0,2,1
"Music Performance",2006,3,2,0,0,0,1,2,2,1,2,2,1
"Music Performance",2006,3,3,0,0,0,1,2,2,1,2,2,1
"Music Performance",2006,3,4,0,0,0,1,1,1,1,1,1,2
"Music Performance",2006,3,5,0,0,0,1,2,2,1,2,2,1
"Music Performance",2006,3,6,1,1,1,0,1,1,1,2,2,1
"Music Performance",2006,3,7,1,2,2,0,0,0,1,2,2,1
"Music Performance",2006,3,8,"null","null","null","null","null","null","null","null","null","null"
"Music Performance",2006,3,9,"null","null","null","null","null","null","null","null","null","null"
"Music Performance",2006,3,10,"null","null","null","null","null","null","null","null","null","null"
"Music Performance",2007,6,1,0,0,0,1,1,3,1,1,3,3
"Music Performance",2007,6,2,0,0,0,0,0,1,0,0,1,5
"Music Performance",2007,6,3,0,0,1,0,0,0,0,0,1,5
"Music Performance",2007,6,4,"null","null","null","null","null","null","null","null","null","null"
"Music Performance",2007,6,5,"null","null","null","null","null","null","null","null","null","null"
"Music Performance",2007,6,6,"null","null","null","null","null","null","null","null","null","null"
"Music Performance",2007,6,7,"null","null","null","null","null","null","null","null","null","null"
"Music Performance",2007,6,8,"null","null","null","null","null","null","null","null","null","null"
"Music Performance",2007,6,9,"null","null","null","null","null","null","null","null","null","null"
"Music Performance",2007,6,10,"null","null","null","null","null","null","null","null","null","null"
"Music Performance",2008,5,1,0,0,0,3,4,4,3,4,4,1
"Music Performance",2008,5,2,0,0,0,1,1,3,1,1,3,2
"Music Performance",2008,5,3,0,0,0,0,0,3,0,0,3,2
"Music Performance",2008,5,4,0,0,2,0,0,1,0,0,3,2
"Music Performance",2008,5,5,"null","null","null","null","null","null","null","null","null","null"
"Music Performance",2008,5,6,"null","null","null","null","null","null","null","null","null","null"
"Music Performance",2008,5,7,"null","null","null","null","null","null","null","null","null","null"
"Music Performance",2008,5,8,"null","null","null","null","null","null","null","null","null","null"
"Music Performance",2008,5,9,"null","null","null","null","null","null","null","null","null","null"
"Music Performance",2008,5,10,"null","null","null","null","null","null","null","null","null","null"
"Music Performance",2009,3,1,0,0,0,0,1,2,0,1,2,1
"Music Performance",2009,3,2,0,0,0,0,0,1,0,0,1,2
"Music Performance",2009,3,3,0,0,0,0,0,1,0,0,1,2
"Music Performance",2010,7,1,0,0,0,6,6,6,6,6,6,1
"Music Performance",2010,7,2,0,0,0,4,4,4,4,4,4,3
"Music Performance",2010,7,3,"null","null","null","null","null","null","null","null","null","null"
"Music Performance",2010,7,4,"null","null","null","null","null","null","null","null","null","null"
"Music Performance",2010,7,5,"null","null","null","null","null","null","null","null","null","null"
"Music Performance",2010,7,6,"null","null","null","null","null","null","null","null","null","null"
"Music Performance",2010,7,7,"null","null","null","null","null","null","null","null","null","null"
"Music Performance",2010,7,8,"null","null","null","null","null","null","null","null","null","null"
"Music Performance",2010,7,9,"null","null","null","null","null","null","null","null","null","null"
"Music Performance",2010,7,10,"null","null","null","null","null","null","null","null","null","null"
"Music Performance",2011,5,1,0,0,0,2,3,4,2,3,4,1
"Music Performance",2011,5,2,"null","null","null","null","null","null","null","null","null","null"
"Music Performance",2011,5,3,"null","null","null","null","null","null","null","null","null","null"
"Music Performance",2011,5,4,"null","null","null","null","null","null","null","null","null","null"
"Music Performance",2011,5,5,"null","null","null","null","null","null","null","null","null","null"
"Music Performance",2011,5,6,"null","null","null","null","null","null","null","null","null","null"
"Music Performance",2011,5,7,"null","null","null","null","null","null","null","null","null","null"
"Music Performance",2011,5,8,"null","null","null","null","null","null","null","null","null","null"
"Music Performance",2011,5,9,"null","null","null","null","null","null","null","null","null","null"
"Music Performance",2011,5,10,"null","null","null","null","null","null","null","null","null","null"
"Pre-Art",2003,26,1,0,0,0,14,0,22,14,0,22,4
"Pre-Art",2003,26,2,0,0,0,6,0,19,6,0,19,7
"Pre-Art",2003,26,3,0,0,0,2,0,18,2,0,18,8
"Pre-Art",2003,26,4,0,0,3,0,0,12,0,0,15,11
"Pre-Art",2003,26,5,0,2,13,0,1,2,0,3,15,11
"Pre-Art",2003,26,6,0,3,15,0,0,1,0,3,16,10
"Pre-Art",2003,26,7,0,3,15,0,0,0,0,3,15,11
"Pre-Art",2003,26,8,0,3,15,0,0,0,0,3,15,11
"Pre-Art",2003,26,9,0,3,15,0,0,0,0,3,15,11
"Pre-Art",2003,26,10,"null","null","null","null","null","null","null","null","null","null"
"Pre-Art",2004,45,1,0,0,0,23,0,34,23,0,34,11
"Pre-Art",2004,45,2,0,0,0,6,0,30,6,0,30,15
"Pre-Art",2004,45,3,0,0,1,0,0,25,0,0,26,19
"Pre-Art",2004,45,4,0,1,12,0,9,14,0,10,26,19
"Pre-Art",2004,45,5,0,8,22,0,2,2,0,10,24,21
"Pre-Art",2004,45,6,0,10,24,0,0,1,0,10,25,20
"Pre-Art",2004,45,7,0,10,24,0,0,1,0,10,25,20
"Pre-Art",2004,45,8,0,10,25,0,0,0,0,10,25,20
"Pre-Art",2004,45,9,"null","null","null","null","null","null","null","null","null","null"
"Pre-Art",2004,45,10,"null","null","null","null","null","null","null","null","null","null"
"Pre-Art",2005,33,1,0,0,0,17,0,26,17,0,26,7
"Pre-Art",2005,33,2,0,0,0,6,0,20,6,0,20,13
"Pre-Art",2005,33,3,0,0,0,5,18,20,5,18,20,13
"Pre-Art",2005,33,4,0,0,1,0,16,17,0,16,18,15
"Pre-Art",2005,33,5,0,9,11,0,7,8,0,16,19,14
"Pre-Art",2005,33,6,0,14,16,0,1,2,0,15,18,15
"Pre-Art",2005,33,7,0,15,17,0,0,1,0,15,18,15
"Pre-Art",2005,33,8,"null","null","null","null","null","null","null","null","null","null"
"Pre-Art",2005,33,9,"null","null","null","null","null","null","null","null","null","null"
"Pre-Art",2005,33,10,"null","null","null","null","null","null","null","null","null","null"
"Pre-Art",2006,26,1,0,0,0,16,0,19,16,0,19,7
"Pre-Art",2006,26,2,0,0,0,8,12,17,8,12,17,9
"Pre-Art",2006,26,3,0,0,0,4,11,15,4,11,15,11
"Pre-Art",2006,26,4,0,2,3,1,8,10,1,10,13,13
"Pre-Art",2006,26,5,0,4,7,0,5,6,0,9,13,13
"Pre-Art",2006,26,6,0,8,11,0,1,3,0,9,14,12
"Pre-Art",2006,26,7,"null","null","null","null","null","null","null","null","null","null"
"Pre-Art",2006,26,8,"null","null","null","null","null","null","null","null","null","null"
"Pre-Art",2006,26,9,"null","null","null","null","null","null","null","null","null","null"
"Pre-Art",2006,26,10,"null","null","null","null","null","null","null","null","null","null"
"Pre-Art",2007,39,1,0,0,0,16,21,27,16,21,27,12
"Pre-Art",2007,39,2,0,0,0,6,16,24,6,16,24,15
"Pre-Art",2007,39,3,0,0,0,0,13,21,0,13,21,18
"Pre-Art",2007,39,4,0,3,5,0,10,16,0,13,21,18
"Pre-Art",2007,39,5,0,10,17,0,3,4,0,13,21,18
"Pre-Art",2007,39,6,"null","null","null","null","null","null","null","null","null","null"
"Pre-Art",2007,39,7,"null","null","null","null","null","null","null","null","null","null"
"Pre-Art",2007,39,8,"null","null","null","null","null","null","null","null","null","null"
"Pre-Art",2007,39,9,"null","null","null","null","null","null","null","null","null","null"
"Pre-Art",2007,39,10,"null","null","null","null","null","null","null","null","null","null"
"Pre-Art",2008,53,1,0,0,0,22,29,39,22,29,39,14
"Pre-Art",2008,53,2,0,0,0,7,25,33,7,25,33,20
"Pre-Art",2008,53,3,0,0,0,0,22,33,0,22,33,20
"Pre-Art",2008,53,4,0,3,7,0,18,24,0,21,31,22
"Pre-Art",2008,53,5,"null","null","null","null","null","null","null","null","null","null"
"Pre-Art",2008,53,6,"null","null","null","null","null","null","null","null","null","null"
"Pre-Art",2008,53,7,"null","null","null","null","null","null","null","null","null","null"
"Pre-Art",2008,53,8,"null","null","null","null","null","null","null","null","null","null"
"Pre-Art",2008,53,9,"null","null","null","null","null","null","null","null","null","null"
"Pre-Art",2008,53,10,"null","null","null","null","null","null","null","null","null","null"
"Pre-Art",2009,42,1,0,0,0,21,29,35,21,29,35,7
"Pre-Art",2009,42,2,0,0,0,0,18,25,0,18,25,17
"Pre-Art",2009,42,3,0,0,0,0,16,23,0,16,23,19
"Pre-Art",2009,42,4,"null","null","null","null","null","null","null","null","null","null"
"Pre-Art",2009,42,5,"null","null","null","null","null","null","null","null","null","null"
"Pre-Art",2009,42,6,"null","null","null","null","null","null","null","null","null","null"
"Pre-Art",2009,42,7,"null","null","null","null","null","null","null","null","null","null"
"Pre-Art",2009,42,8,"null","null","null","null","null","null","null","null","null","null"
"Pre-Art",2009,42,9,"null","null","null","null","null","null","null","null","null","null"
"Pre-Art",2009,42,10,"null","null","null","null","null","null","null","null","null","null"
"Pre-Art",2010,57,1,0,0,0,1,26,49,1,26,49,8
"Pre-Art",2010,57,2,0,0,0,1,24,45,1,24,45,12
"Pre-Art",2010,57,3,"null","null","null","null","null","null","null","null","null","null"
"Pre-Art",2010,57,4,"null","null","null","null","null","null","null","null","null","null"
"Pre-Art",2010,57,5,"null","null","null","null","null","null","null","null","null","null"
"Pre-Art",2010,57,6,"null","null","null","null","null","null","null","null","null","null"
"Pre-Art",2010,57,7,"null","null","null","null","null","null","null","null","null","null"
"Pre-Art",2010,57,8,"null","null","null","null","null","null","null","null","null","null"
"Pre-Art",2010,57,9,"null","null","null","null","null","null","null","null","null","null"
"Pre-Art",2010,57,10,"null","null","null","null","null","null","null","null","null","null"
"Theatre",2000,9,1,0,0,0,5,0,6,5,0,6,3
"Theatre",2000,9,2,0,0,0,4,0,4,4,0,4,5
"Theatre",2000,9,3,0,0,0,4,0,4,4,0,4,5
"Theatre",2000,9,4,2,0,2,1,0,1,3,0,3,6
"Theatre",2000,9,5,4,0,4,0,0,0,4,0,4,5
"Theatre",2000,9,6,4,0,4,0,0,0,4,0,4,5
"Theatre",2000,9,7,4,0,4,0,0,0,4,0,4,5
"Theatre",2000,9,8,4,0,4,0,0,0,4,0,4,5
"Theatre",2000,9,9,4,0,4,0,0,0,4,0,4,5
"Theatre",2000,9,10,4,0,4,0,0,0,4,0,4,5
"Theatre",2001,6,1,0,0,0,5,0,5,5,0,5,1
"Theatre",2001,6,2,0,0,0,3,0,4,3,0,4,2
"Theatre",2001,6,3,0,0,0,2,0,4,2,0,4,2
"Theatre",2001,6,4,1,0,1,2,0,3,3,0,4,2
"Theatre",2001,6,5,3,0,3,0,0,1,3,0,4,2
"Theatre",2001,6,6,3,0,4,0,0,0,3,0,4,2
"Theatre",2001,6,7,3,0,4,0,0,0,3,0,4,2
"Theatre",2001,6,8,3,0,4,0,0,0,3,0,4,2
"Theatre",2001,6,9,3,0,4,0,0,0,3,0,4,2
"Theatre",2001,6,10,3,0,4,0,0,0,3,0,4,2
"Theatre",2002,10,1,0,0,0,6,0,8,6,0,8,2
"Theatre",2002,10,2,0,0,0,4,0,7,4,0,7,3
"Theatre",2002,10,3,0,0,0,3,0,6,3,0,6,4
"Theatre",2002,10,4,0,0,1,3,0,5,3,0,6,4
"Theatre",2002,10,5,1,0,4,0,0,1,1,0,5,5
"Theatre",2002,10,6,2,0,6,0,0,0,2,0,6,4
"Theatre",2002,10,7,2,0,6,0,0,0,2,0,6,4
"Theatre",2002,10,8,2,0,6,0,0,0,2,0,6,4
"Theatre",2002,10,9,2,0,6,0,0,0,2,0,6,4
"Theatre",2002,10,10,2,0,6,0,0,0,2,0,6,4
"Theatre",2003,4,1,0,0,0,2,0,2,2,0,2,2
"Theatre",2003,4,2,0,0,0,1,0,2,1,0,2,2
"Theatre",2003,4,3,0,0,0,0,0,2,0,0,2,2
"Theatre",2003,4,4,0,0,1,0,0,1,0,0,2,2
"Theatre",2003,4,5,0,0,1,0,0,0,0,0,1,3
"Theatre",2003,4,6,0,0,1,0,0,0,0,0,1,3
"Theatre",2003,4,7,0,0,1,0,0,1,0,0,2,2
"Theatre",2003,4,8,0,0,1,0,0,1,0,0,2,2
"Theatre",2003,4,9,0,0,2,0,0,0,0,0,2,2
"Theatre",2003,4,10,"null","null","null","null","null","null","null","null","null","null"
"Theatre",2004,5,1,0,0,0,3,0,4,3,0,4,1
"Theatre",2004,5,2,0,0,0,2,0,3,2,0,3,2
"Theatre",2004,5,3,0,0,0,2,0,3,2,0,3,2
"Theatre",2004,5,4,0,0,0,2,2,3,2,2,3,2
"Theatre",2004,5,5,0,0,0,0,0,1,0,0,1,4
"Theatre",2004,5,6,0,0,1,0,0,1,0,0,2,3
"Theatre",2004,5,7,0,0,2,1,1,1,1,1,3,2
"Theatre",2004,5,8,0,0,2,1,1,1,1,1,3,2
"Theatre",2004,5,9,"null","null","null","null","null","null","null","null","null","null"
"Theatre",2004,5,10,"null","null","null","null","null","null","null","null","null","null"
"Theatre",2005,4,1,0,0,0,2,0,3,2,0,3,1
"Theatre",2005,4,2,0,0,0,1,0,3,1,0,3,1
"Theatre",2005,4,3,0,0,0,0,1,3,0,1,3,1
"Theatre",2005,4,4,0,0,0,0,1,3,0,1,3,1
"Theatre",2005,4,5,0,1,2,0,0,0,0,1,2,2
"Theatre",2005,4,6,0,1,2,0,0,0,0,1,2,2
"Theatre",2005,4,7,0,1,2,0,0,0,0,1,2,2
"Theatre",2005,4,8,"null","null","null","null","null","null","null","null","null","null"
"Theatre",2005,4,9,"null","null","null","null","null","null","null","null","null","null"
"Theatre",2005,4,10,"null","null","null","null","null","null","null","null","null","null"
"Theatre",2006,14,1,0,0,0,13,0,13,13,0,13,1
"Theatre",2006,14,2,0,0,0,8,8,11,8,8,11,3
"Theatre",2006,14,3,0,0,0,8,8,10,8,8,10,4
"Theatre",2006,14,4,2,2,3,7,7,8,9,9,11,3
"Theatre",2006,14,5,6,6,7,2,2,3,8,8,10,4
"Theatre",2006,14,6,7,7,9,1,1,1,8,8,10,4
"Theatre",2006,14,7,"null","null","null","null","null","null","null","null","null","null"
"Theatre",2006,14,8,"null","null","null","null","null","null","null","null","null","null"
"Theatre",2006,14,9,"null","null","null","null","null","null","null","null","null","null"
"Theatre",2006,14,10,"null","null","null","null","null","null","null","null","null","null"
"Theatre",2007,10,1,0,0,0,5,5,6,5,5,6,4
"Theatre",2007,10,2,0,0,0,3,3,4,3,3,4,6
"Theatre",2007,10,3,0,0,0,3,3,3,3,3,3,7
"Theatre",2007,10,4,1,1,1,1,1,1,2,2,2,8
"Theatre",2007,10,5,2,2,2,0,0,0,2,2,2,8
"Theatre",2007,10,6,"null","null","null","null","null","null","null","null","null","null"
"Theatre",2007,10,7,"null","null","null","null","null","null","null","null","null","null"
"Theatre",2007,10,8,"null","null","null","null","null","null","null","null","null","null"
"Theatre",2007,10,9,"null","null","null","null","null","null","null","null","null","null"
"Theatre",2007,10,10,"null","null","null","null","null","null","null","null","null","null"
"Theatre",2008,14,1,0,0,0,6,7,8,6,7,8,6
"Theatre",2008,14,2,0,0,0,5,7,8,5,7,8,6
"Theatre",2008,14,3,0,0,0,5,7,7,5,7,7,7
"Theatre",2008,14,4,3,3,3,2,4,4,5,7,7,7
"Theatre",2008,14,5,"null","null","null","null","null","null","null","null","null","null"
"Theatre",2008,14,6,"null","null","null","null","null","null","null","null","null","null"
"Theatre",2008,14,7,"null","null","null","null","null","null","null","null","null","null"
"Theatre",2008,14,8,"null","null","null","null","null","null","null","null","null","null"
"Theatre",2008,14,9,"null","null","null","null","null","null","null","null","null","null"
"Theatre",2008,14,10,"null","null","null","null","null","null","null","null","null","null"
"Theatre",2009,13,1,0,0,0,9,9,11,9,9,11,2
"Theatre",2009,13,2,0,0,0,6,6,7,6,6,7,6
"Theatre",2009,13,3,0,0,0,4,5,6,4,5,6,7
"Theatre",2009,13,4,"null","null","null","null","null","null","null","null","null","null"
"Theatre",2009,13,5,"null","null","null","null","null","null","null","null","null","null"
"Theatre",2009,13,6,"null","null","null","null","null","null","null","null","null","null"
"Theatre",2009,13,7,"null","null","null","null","null","null","null","null","null","null"
"Theatre",2009,13,8,"null","null","null","null","null","null","null","null","null","null"
"Theatre",2009,13,9,"null","null","null","null","null","null","null","null","null","null"
"Theatre",2009,13,10,"null","null","null","null","null","null","null","null","null","null"
"Theatre",2010,8,1,0,0,0,3,4,5,3,4,5,3
"Theatre",2010,8,2,0,0,0,2,3,4,2,3,4,4
"Theatre",2010,8,3,"null","null","null","null","null","null","null","null","null","null"
"Theatre",2010,8,4,"null","null","null","null","null","null","null","null","null","null"
"Theatre",2010,8,5,"null","null","null","null","null","null","null","null","null","null"
"Theatre",2010,8,6,"null","null","null","null","null","null","null","null","null","null"
"Theatre",2010,8,7,"null","null","null","null","null","null","null","null","null","null"
"Theatre",2010,8,8,"null","null","null","null","null","null","null","null","null","null"
"Theatre",2010,8,9,"null","null","null","null","null","null","null","null","null","null"
"Theatre",2010,8,10,"null","null","null","null","null","null","null","null","null","null"
"Theatre",2011,9,1,0,0,0,4,4,6,4,4,6,3
"Theatre",2011,9,2,"null","null","null","null","null","null","null","null","null","null"
"Theatre",2011,9,3,"null","null","null","null","null","null","null","null","null","null"
"Theatre",2011,9,4,"null","null","null","null","null","null","null","null","null","null"
"Theatre",2011,9,5,"null","null","null","null","null","null","null","null","null","null"
"Theatre",2011,9,6,"null","null","null","null","null","null","null","null","null","null"
"Theatre",2011,9,7,"null","null","null","null","null","null","null","null","null","null"
"Theatre",2011,9,8,"null","null","null","null","null","null","null","null","null","null"
"Theatre",2011,9,9,"null","null","null","null","null","null","null","null","null","null"
"Theatre",2011,9,10,"null","null","null","null","null","null","null","null","null","null"
"Theatre Education",2002,4,1,0,0,0,2,0,3,2,0,3,1
"Theatre Education",2002,4,2,0,0,0,1,0,2,1,0,2,2
"Theatre Education",2002,4,3,0,0,0,1,0,2,1,0,2,2
"Theatre Education",2002,4,4,0,0,0,1,0,2,1,0,2,2
"Theatre Education",2002,4,5,1,0,2,0,0,0,1,0,2,2
"Theatre Education",2002,4,6,1,0,2,0,0,0,1,0,2,2
"Theatre Education",2002,4,7,1,0,2,0,0,0,1,0,2,2
"Theatre Education",2002,4,8,1,0,2,0,0,1,1,0,3,1
"Theatre Education",2002,4,9,1,0,2,0,0,0,1,0,2,2
"Theatre Education",2002,4,10,1,0,2,0,0,0,1,0,2,2
"Theatre Education",2003,2,1,0,0,0,1,0,2,1,0,2,0
"Theatre Education",2003,2,2,0,0,0,0,0,2,0,0,2,0
"Theatre Education",2003,2,3,0,0,0,0,0,2,0,0,2,0
"Theatre Education",2003,2,4,0,0,1,0,0,1,0,0,2,0
"Theatre Education",2003,2,5,0,0,2,0,0,0,0,0,2,0
"Theatre Education",2003,2,6,0,0,2,0,0,0,0,0,2,0
"Theatre Education",2003,2,7,0,0,2,0,0,0,0,0,2,0
"Theatre Education",2003,2,8,0,0,2,0,0,0,0,0,2,0
"Theatre Education",2003,2,9,0,0,2,0,0,0,0,0,2,0
"Theatre Education",2003,2,10,"null","null","null","null","null","null","null","null","null","null"
"Theatre Education",2004,2,1,0,0,0,1,0,1,1,0,1,1
"Theatre Education",2004,2,2,0,0,0,0,0,1,0,0,1,1
"Theatre Education",2004,2,3,0,0,0,0,0,1,0,0,1,1
"Theatre Education",2004,2,4,0,0,1,0,0,0,0,0,1,1
"Theatre Education",2004,2,5,0,0,1,0,0,0,0,0,1,1
"Theatre Education",2004,2,6,0,0,1,0,0,0,0,0,1,1
"Theatre Education",2004,2,7,0,0,1,0,0,0,0,0,1,1
"Theatre Education",2004,2,8,0,0,1,0,0,0,0,0,1,1
"Theatre Education",2004,2,9,"null","null","null","null","null","null","null","null","null","null"
"Theatre Education",2004,2,10,"null","null","null","null","null","null","null","null","null","null"
"Theatre Education",2005,4,1,0,0,0,2,0,2,2,0,2,2
"Theatre Education",2005,4,2,0,0,0,0,0,1,0,0,1,3
"Theatre Education",2005,4,3,0,0,0,0,0,1,0,0,1,3
"Theatre Education",2005,4,4,0,0,0,0,0,1,0,0,1,3
"Theatre Education",2005,4,5,0,0,1,0,0,0,0,0,1,3
"Theatre Education",2005,4,6,0,0,1,0,0,0,0,0,1,3
"Theatre Education",2005,4,7,0,0,1,0,0,0,0,0,1,3
"Theatre Education",2005,4,8,"null","null","null","null","null","null","null","null","null","null"
"Theatre Education",2005,4,9,"null","null","null","null","null","null","null","null","null","null"
"Theatre Education",2005,4,10,"null","null","null","null","null","null","null","null","null","null"
"Theatre Education",2006,5,1,0,0,0,3,0,3,3,0,3,2
"Theatre Education",2006,5,2,0,0,0,2,2,2,2,2,2,3
"Theatre Education",2006,5,3,0,0,0,1,2,2,1,2,2,3
"Theatre Education",2006,5,4,0,1,1,0,1,1,0,2,2,3
"Theatre Education",2006,5,5,0,2,2,0,0,0,0,2,2,3
"Theatre Education",2006,5,6,0,2,2,0,0,0,0,2,2,3
"Theatre Education",2006,5,7,"null","null","null","null","null","null","null","null","null","null"
"Theatre Education",2006,5,8,"null","null","null","null","null","null","null","null","null","null"
"Theatre Education",2006,5,9,"null","null","null","null","null","null","null","null","null","null"
"Theatre Education",2006,5,10,"null","null","null","null","null","null","null","null","null","null"
"Theatre Education",2007,3,1,0,0,0,3,3,3,3,3,3,0
"Theatre Education",2007,3,2,0,0,0,2,2,3,2,2,3,0
"Theatre Education",2007,3,3,0,0,0,2,2,2,2,2,2,1
"Theatre Education",2007,3,4,2,2,2,0,0,0,2,2,2,1
"Theatre Education",2007,3,5,2,2,2,0,0,0,2,2,2,1
"Theatre Education",2007,3,6,"null","null","null","null","null","null","null","null","null","null"
"Theatre Education",2007,3,7,"null","null","null","null","null","null","null","null","null","null"
"Theatre Education",2007,3,8,"null","null","null","null","null","null","null","null","null","null"
"Theatre Education",2007,3,9,"null","null","null","null","null","null","null","null","null","null"
"Theatre Education",2007,3,10,"null","null","null","null","null","null","null","null","null","null"
"Theatre Education",2008,4,1,0,0,0,0,2,4,0,2,4,0
"Theatre Education",2008,4,2,0,0,0,0,2,4,0,2,4,0
"Theatre Education",2008,4,3,0,0,0,0,1,3,0,1,3,1
"Theatre Education",2008,4,4,0,1,1,0,0,1,0,1,2,2
"Theatre Education",2008,4,5,"null","null","null","null","null","null","null","null","null","null"
"Theatre Education",2008,4,6,"null","null","null","null","null","null","null","null","null","null"
"Theatre Education",2008,4,7,"null","null","null","null","null","null","null","null","null","null"
"Theatre Education",2008,4,8,"null","null","null","null","null","null","null","null","null","null"
"Theatre Education",2008,4,9,"null","null","null","null","null","null","null","null","null","null"
"Theatre Education",2008,4,10,"null","null","null","null","null","null","null","null","null","null"
"Theatre Education",2009,3,1,0,0,0,2,2,3,2,2,3,0
"Theatre Education",2009,3,2,0,0,0,2,2,3,2,2,3,0
"Theatre Education",2009,3,3,0,0,0,1,1,3,1,1,3,0
"Theatre Education",2009,3,4,"null","null","null","null","null","null","null","null","null","null"
"Theatre Education",2009,3,5,"null","null","null","null","null","null","null","null","null","null"
"Theatre Education",2009,3,6,"null","null","null","null","null","null","null","null","null","null"
"Theatre Education",2009,3,7,"null","null","null","null","null","null","null","null","null","null"
"Theatre Education",2009,3,8,"null","null","null","null","null","null","null","null","null","null"
"Theatre Education",2009,3,9,"null","null","null","null","null","null","null","null","null","null"
"Theatre Education",2009,3,10,"null","null","null","null","null","null","null","null","null","null"
"Theatre Education",2010,4,1,0,0,0,4,4,4,4,4,4,0
"Theatre Education",2010,4,2,0,0,0,3,3,3,3,3,3,1
"Theatre Education",2010,4,3,"null","null","null","null","null","null","null","null","null","null"
"Theatre Education",2010,4,4,"null","null","null","null","null","null","null","null","null","null"
"Theatre Education",2010,4,5,"null","null","null","null","null","null","null","null","null","null"
"Theatre Education",2010,4,6,"null","null","null","null","null","null","null","null","null","null"
"Theatre Education",2010,4,7,"null","null","null","null","null","null","null","null","null","null"
"Theatre Education",2010,4,8,"null","null","null","null","null","null","null","null","null","null"
"Theatre Education",2010,4,9,"null","null","null","null","null","null","null","null","null","null"
"Theatre Education",2010,4,10,"null","null","null","null","null","null","null","null","null","null"
"College of Arts & Architecture",2000,112,1,-1,0,0,-1,25,87,-1,25,87,25
"College of Arts & Architecture",2000,112,2,-1,0,0,-1,22,76,-1,22,76,36
"College of Arts & Architecture",2000,112,3,-1,0,0,-1,18,68,-1,18,68,44
"College of Arts & Architecture",2000,112,4,-1,7,21,-1,12,45,-1,19,66,46
"College of Arts & Architecture",2000,112,5,-1,12,47,-1,3,15,-1,15,62,50
"College of Arts & Architecture",2000,112,6,-1,13,55,-1,3,6,-1,16,61,51
"College of Arts & Architecture",2000,112,7,-1,15,60,-1,1,3,-1,16,63,49
"College of Arts & Architecture",2000,112,8,-1,16,62,-1,3,3,-1,19,65,47
"College of Arts & Architecture",2000,112,9,-1,15,58,-1,3,5,-1,18,63,49
"College of Arts & Architecture",2000,112,10,-1,16,62,-1,1,3,-1,17,65,47
"College of Arts & Architecture",2001,120,1,-1,0,0,-1,33,102,-1,33,102,18
"College of Arts & Architecture",2001,120,2,-1,0,0,-1,26,85,-1,26,85,35
"College of Arts & Architecture",2001,120,3,-1,0,0,-1,27,76,-1,27,76,44
"College of Arts & Architecture",2001,120,4,-1,12,26,-1,24,60,-1,36,86,34
"College of Arts & Architecture",2001,120,5,-1,18,61,-1,2,9,-1,20,70,50
"College of Arts & Architecture",2001,120,6,-1,19,66,-1,1,6,-1,20,72,48
"College of Arts & Architecture",2001,120,7,-1,21,71,-1,2,4,-1,23,75,45
"College of Arts & Architecture",2001,120,8,-1,29,64,-1,2,3,-1,23,67,53
"College of Arts & Architecture",2001,120,9,-1,30,64,-1,1,1,-1,22,65,55
"College of Arts & Architecture",2001,120,10,-1,31,64,-1,1,2,-1,22,66,54
"College of Arts & Architecture",2002,137,1,-1,0,0,-1,40,106,-1,40,106,31
"College of Arts & Architecture",2002,137,2,-1,0,0,-1,33,89,-1,33,89,48
"College of Arts & Architecture",2002,137,3,-1,0,1,-1,29,81,-1,29,82,55
"College of Arts & Architecture",2002,137,4,-1,14,23,-1,18,59,-1,32,82,55
"College of Arts & Architecture",2002,137,5,-1,20,51,-1,4,21,-1,24,72,65
"College of Arts & Architecture",2002,137,6,-1,22,62,-1,8,11,-1,30,73,64
"College of Arts & Architecture",2002,137,7,-1,23,65,-1,7,10,-1,30,75,62
"College of Arts & Architecture",2002,137,8,-1,26,69,-1,5,8,-1,31,77,60
"College of Arts & Architecture",2002,137,9,-1,32,75,-1,1,3,-1,33,78,59
"College of Arts & Architecture",2002,137,10,-1,31,76,-1,0,1,-1,31,77,60
"College of Arts & Architecture",2003,112,1,-1,0,0,-1,31,69,-1,31,69,43
"College of Arts & Architecture",2003,112,2,-1,0,0,-1,30,62,-1,30,62,50
"College of Arts & Architecture",2003,117,3,-1,0,1,-1,30,61,-1,30,62,55
"College of Arts & Architecture",2003,117,4,-1,7,23,-1,26,38,-1,33,61,56
"College of Arts & Architecture",2003,117,5,-1,24,48,-1,6,7,-1,30,55,62
"College of Arts & Architecture",2003,117,6,-1,30,71,-1,7,10,-1,37,81,36
"College of Arts & Architecture",2003,117,7,-1,33,74,-1,1,5,-1,34,79,38
"College of Arts & Architecture",2003,117,8,-1,34,75,-1,0,3,-1,34,78,39
"College of Arts & Architecture",2003,117,9,-1,34,76,-1,0,1,-1,34,77,40
"College of Arts & Architecture",2003,117,10,-1,"null","null",-1,"null","null",-1,"null","null","null"
"College of Arts & Architecture",2004,119,1,-1,0,0,-1,35,53,-1,35,53,66
"College of Arts & Architecture",2004,119,2,-1,0,0,-1,33,81,-1,33,81,38
"College of Arts & Architecture",2004,117,3,-1,0,0,-1,32,44,-1,32,44,73
"College of Arts & Architecture",2004,117,4,-1,15,18,-1,23,27,-1,38,45,72
"College of Arts & Architecture",2004,117,5,-1,28,48,-1,10,16,-1,38,64,53
"College of Arts & Architecture",2004,117,6,-1,32,56,-1,4,7,-1,36,63,54
"College of Arts & Architecture",2004,117,7,-1,34,59,-1,2,4,-1,36,63,54
"College of Arts & Architecture",2004,117,8,-1,32,56,-1,3,4,-1,35,60,57
"College of Arts & Architecture",2004,117,9,-1,"null","null",-1,"null","null",-1,"null","null","null"
"College of Arts & Architecture",2004,117,10,-1,"null","null",-1,"null","null",-1,"null","null","null"
"College of Arts & Architecture",2005,97,1,-1,0,0,-1,28,45,-1,28,45,52
"College of Arts & Architecture",2005,97,2,-1,0,0,-1,23,40,-1,23,40,57
"College of Arts & Architecture",2005,95,3,-1,0,0,-1,33,38,-1,33,38,57
"College of Arts & Architecture",2005,95,4,-1,17,20,-1,15,19,-1,32,39,56
"College of Arts & Architecture",2005,95,5,-1,28,33,-1,2,3,-1,30,36,59
"College of Arts & Architecture",2005,95,6,-1,43,51,-1,3,4,-1,46,55,40
"College of Arts & Architecture",2005,95,7,-1,45,53,-1,2,4,-1,47,57,38
"College of Arts & Architecture",2005,95,8,-1,"null","null",-1,"null","null",-1,"null","null","null"
"College of Arts & Architecture",2005,95,9,-1,"null","null",-1,"null","null",-1,"null","null","null"
"College of Arts & Architecture",2005,95,10,-1,"null","null",-1,"null","null",-1,"null","null","null"
"College of Arts & Architecture",2006,113,1,-1,0,0,-1,27,60,-1,27,60,53
"College of Arts & Architecture",2006,113,2,-1,0,0,-1,42,53,-1,42,53,60
"College of Arts & Architecture",2006,116,3,-1,0,1,-1,37,48,-1,37,49,67
"College of Arts & Architecture",2006,116,4,-1,12,17,-1,26,34,-1,38,51,65
"College of Arts & Architecture",2006,116,5,-1,28,37,-1,5,10,-1,33,47,69
"College of Arts & Architecture",2006,116,6,-1,41,56,-1,3,7,-1,44,63,53
"College of Arts & Architecture",2006,116,7,-1,"null","null",-1,"null","null",-1,"null","null","null"
"College of Arts & Architecture",2006,116,8,-1,"null","null",-1,"null","null",-1,"null","null","null"
"College of Arts & Architecture",2006,116,9,-1,"null","null",-1,"null","null",-1,"null","null","null"
"College of Arts & Architecture",2006,116,10,-1,"null","null",-1,"null","null",-1,"null","null","null"
"College of Arts & Architecture",2007,122,1,-1,0,0,-1,51,57,-1,51,57,65
"College of Arts & Architecture",2007,122,2,-1,0,0,-1,45,55,-1,45,55,67
"College of Arts & Architecture",2007,121,3,-1,0,1,-1,42,49,-1,42,50,71
"College of Arts & Architecture",2007,121,4,-1,14,14,-1,29,35,-1,43,49,72
"College of Arts & Architecture",2007,121,5,-1,28,32,-1,4,5,-1,32,37,84
"College of Arts & Architecture",2007,121,6,-1,"null","null",-1,"null","null",-1,"null","null","null"
"College of Arts & Architecture",2007,121,7,-1,"null","null",-1,"null","null",-1,"null","null","null"
"College of Arts & Architecture",2007,121,8,-1,"null","null",-1,"null","null",-1,"null","null","null"
"College of Arts & Architecture",2007,121,9,-1,"null","null",-1,"null","null",-1,"null","null","null"
"College of Arts & Architecture",2007,121,10,-1,"null","null",-1,"null","null",-1,"null","null","null"
"College of Arts & Architecture",2008,151,1,-1,0,0,-1,57,64,-1,57,64,87
"College of Arts & Architecture",2008,151,2,-1,1,1,-1,47,55,-1,48,56,95
"College of Arts & Architecture",2008,149,3,-1,1,1,-1,43,51,-1,44,52,97
"College of Arts & Architecture",2008,149,4,-1,20,22,-1,27,31,-1,47,53,96
"College of Arts & Architecture",2008,149,5,-1,"null","null",-1,"null","null",-1,"null","null","null"
"College of Arts & Architecture",2008,153,6,-1,"null","null",-1,"null","null",-1,"null","null","null"
"College of Arts & Architecture",2008,153,7,-1,"null","null",-1,"null","null",-1,"null","null","null"
"College of Arts & Architecture",2008,153,8,-1,"null","null",-1,"null","null",-1,"null","null","null"
"College of Arts & Architecture",2008,153,9,-1,"null","null",-1,"null","null",-1,"null","null","null"
"College of Arts & Architecture",2008,153,10,-1,"null","null",-1,"null","null",-1,"null","null","null"
"College of Arts & Architecture",2009,144,1,-1,0,0,-1,68,72,-1,68,72,72
"College of Arts & Architecture",2009,144,2,-1,0,0,-1,55,62,-1,55,62,82
"College of Arts & Architecture",2009,144,3,-1,1,1,-1,49,56,-1,50,57,87
"College of Arts & Architecture",2009,144,4,-1,"null","null",-1,"null","null",-1,"null","null","null"
"College of Arts & Architecture",2009,144,5,-1,"null","null",-1,"null","null",-1,"null","null","null"
"College of Arts & Architecture",2009,142,6,-1,"null","null",-1,"null","null",-1,"null","null","null"
"College of Arts & Architecture",2009,142,7,-1,"null","null",-1,"null","null",-1,"null","null","null"
"College of Arts & Architecture",2009,142,8,-1,"null","null",-1,"null","null",-1,"null","null","null"
"College of Arts & Architecture",2009,142,9,-1,"null","null",-1,"null","null",-1,"null","null","null"
"College of Arts & Architecture",2009,142,10,-1,"null","null",-1,"null","null",-1,"null","null","null"
"College of Arts & Architecture",2010,145,1,-1,0,0,-1,59,66,-1,59,66,79
"College of Arts & Architecture",2010,145,2,-1,0,0,-1,55,61,-1,55,61,84
"College of Arts & Architecture",2010,145,3,-1,"null","null",-1,"null","null",-1,"null","null","null"
"College of Arts & Architecture",2010,145,4,-1,"null","null",-1,"null","null",-1,"null","null","null"
"College of Arts & Architecture",2010,145,5,-1,"null","null",-1,"null","null",-1,"null","null","null"
"College of Arts & Architecture",2010,166,6,-1,"null","null",-1,"null","null",-1,"null","null","null"
"College of Arts & Architecture",2010,166,7,-1,"null","null",-1,"null","null",-1,"null","null","null"
"College of Arts & Architecture",2010,166,8,-1,"null","null",-1,"null","null",-1,"null","null","null"
"College of Arts & Architecture",2010,166,9,-1,"null","null",-1,"null","null",-1,"null","null","null"
"College of Arts & Architecture",2010,166,10,-1,"null","null",-1,"null","null",-1,"null","null","null"
"College of Arts & Architecture",2011,133,1,-1,0,0,-1,81,90,-1,81,90,43
"College of Arts & Architecture",2011,133,2,-1,"null","null",-1,"null","null",-1,"null","null","null"
"College of Arts & Architecture",2011,133,3,-1,"null","null",-1,"null","null",-1,"null","null","null"
"College of Arts & Architecture",2011,133,4,-1,"null","null",-1,"null","null",-1,"null","null","null"
"College of Arts & Architecture",2011,133,5,-1,"null","null",-1,"null","null",-1,"null","null","null"
"College of Arts & Architecture",2011,152,6,-1,"null","null",-1,"null","null",-1,"null","null","null"
"College of Arts & Architecture",2011,152,7,-1,"null","null",-1,"null","null",-1,"null","null","null"
"College of Arts & Architecture",2011,152,8,-1,"null","null",-1,"null","null",-1,"null","null","null"
"College of Arts & Architecture",2011,152,9,-1,"null","null",-1,"null","null",-1,"null","null","null"
"College of Arts & Architecture",2011,152,10,-1,"null","null",-1,"null","null",-1,"null","null","null"
