key,value,year,date
asheville,80.4,0,1996
asheville,62.4,1,1996
asheville,57.6,2,1996
asheville,55.8,3,1996
asheville,55.6,4,1996
asheville,54.9,5,1996
asheville,53.1,6,1996
asheville,53.6,7,1996
asheville,53.6,8,1996
asheville,53.8,9,1996
asheville,77,0,1997
asheville,60.2,1,1997
asheville,56.6,2,1997
asheville,53.8,3,1997
asheville,54.3,4,1997
asheville,53.8,5,1997
asheville,54.3,6,1997
asheville,54.3,7,1997
asheville,54.5,8,1997
asheville,54.3,9,1997
asheville,77.8,0,1998
asheville,61.4,1,1998
asheville,59.3,2,1998
asheville,57.2,3,1998
asheville,55.1,4,1998
asheville,54.4,5,1998
asheville,54.6,6,1998
asheville,54.9,7,1998
asheville,54.4,8,1998
asheville,54.6,9,1998
asheville,76.8,0,1999
asheville,64.5,1,1999
asheville,59.4,2,1999
asheville,57.7,3,1999
asheville,56.6,4,1999
asheville,55.9,5,1999
asheville,55.7,6,1999
asheville,55.5,7,1999
asheville,55.5,8,1999
asheville,55.5,9,1999
asheville,80,0,2000
asheville,64.8,1,2000
asheville,60.6,2,2000
asheville,57.6,3,2000
asheville,57,4,2000
asheville,56.2,5,2000
asheville,56,6,2000
asheville,56.2,7,2000
asheville,56,8,2000
asheville,56.2,9,2000
asheville,77.8,0,2001
asheville,66.4,1,2001
asheville,61.4,2,2001
asheville,57.4,3,2001
asheville,57.4,4,2001
asheville,57.8,5,2001
asheville,57.4,6,2001
asheville,58.3,7,2001
asheville,58.7,8,2001
asheville,58.3,9,2001
undefined,77.8,0,2002
undefined,68.6,1,2002
undefined,63.1,2,2002
undefined,61.2,3,2002
undefined,61.9,4,2002
undefined,61.9,5,2002
undefined,61.9,6,2002
undefined,61.7,7,2002
undefined,61.7,8,2002
undefined,61.9,9,2002
asheville,79.9,0,2003
asheville,68,1,2003
asheville,63.9,2,2003
asheville,62.2,3,2003
asheville,60.5,4,2003
asheville,61.4,5,2003
asheville,61.4,6,2003
asheville,61.7,7,2003
asheville,61.7,8,2003
asheville,0,9,2003
asheville,76.4,0,2004
asheville,63.2,1,2004
asheville,60.2,2,2004
asheville,57.3,3,2004
asheville,57.9,4,2004
asheville,59,5,2004
asheville,58.3,6,2004
asheville,58.2,7,2004
asheville,0,8,2004
asheville,0,9,2004
asheville,80.5,0,2005
asheville,69.9,1,2005
asheville,65.6,2,2005
asheville,63.5,3,2005
asheville,62.2,4,2005
asheville,62.2,5,2005
asheville,62.6,6,2005
asheville,0,7,2005
asheville,0,8,2005
asheville,0,9,2005
asheville,76.3,0,2006
asheville,63.4,1,2006
asheville,59.1,2,2006
asheville,56.9,3,2006
asheville,57.3,4,2006
asheville,56.8,5,2006
asheville,0,6,2006
asheville,0,7,2006
asheville,0,8,2006
asheville,0,9,2006
asheville,78.5,0,2007
asheville,67.8,1,2007
asheville,63.6,2,2007
asheville,62.1,3,2007
asheville,60.8,4,2007
asheville,0,5,2007
asheville,0,6,2007
asheville,0,7,2007
asheville,0,8,2007
asheville,0,9,2007
asheville,81.9,0,2008
asheville,72.9,1,2008
asheville,68.3,2,2008
asheville,66.6,3,2008
asheville,0,4,2008
asheville,0,5,2008
asheville,0,6,2008
asheville,0,7,2008
asheville,0,8,2008
asheville,0,9,2008
asheville,81.5,0,2009
asheville,69.2,1,2009
asheville,64.3,2,2009
asheville,0,3,2009
asheville,0,4,2009
asheville,0,5,2009
asheville,0,6,2009
asheville,0,7,2009
asheville,0,8,2009
asheville,0,9,2009
asheville,80.6,0,2010
asheville,68.8,1,2010
asheville,0,2,2010
asheville,0,3,2010
asheville,0,4,2010
asheville,0,5,2010
asheville,0,6,2010
asheville,0,7,2010
asheville,0,8,2010
asheville,0,9,2010
asheville,78.4,0,2011
asheville,0,1,2011
asheville,0,2,2011
asheville,0,3,2011
asheville,0,4,2011
asheville,0,5,2011
asheville,0,6,2011
asheville,0,7,2011
asheville,0,8,2011
asheville,0,9,2011
ch,93.6,0,1996
ch,88.1,1,1996
ch,85.7,2,1996
ch,81.1,3,1996
ch,80.7,4,1996
ch,81.3,5,1996
ch,81.5,6,1996
ch,81.7,7,1996
ch,81.8,8,1996
ch,82,9,1996
ch,94.8,0,1997
ch,88.8,1,1997
ch,87.9,2,1997
ch,83.1,3,1997
ch,82.9,4,1997
ch,83.6,5,1997
ch,84.4,6,1997
ch,84.7,7,1997
ch,84.8,8,1997
ch,85,9,1997
ch,93.9,0,1998
ch,87.8,1,1998
ch,85.7,2,1998
ch,81.3,3,1998
ch,81.8,4,1998
ch,82.9,5,1998
ch,83.3,6,1998
ch,83.5,7,1998
ch,83.7,8,1998
ch,83.9,9,1998
ch,94,0,1999
ch,88.9,1,1999
ch,86.8,2,1999
ch,83.4,3,1999
ch,84.3,4,1999
ch,84.8,5,1999
ch,85.1,6,1999
ch,85.5,7,1999
ch,85.7,8,1999
ch,85.8,9,1999
ch,95,0,2000
ch,89.8,1,2000
ch,88.2,2,2000
ch,84.7,3,2000
ch,84.2,4,2000
ch,84.5,5,2000
ch,84.8,6,2000
ch,85.2,7,2000
ch,85.4,8,2000
ch,85.6,9,2000
ch,94.8,0,2001
ch,90.4,1,2001
ch,88.5,2,2001
ch,83.9,3,2001
ch,83.1,4,2001
ch,83.4,5,2001
ch,84.1,6,2001
ch,84.3,7,2001
ch,84.9,8,2001
ch,84.9,9,2001
ch,95.4,0,2002
ch,91.8,1,2002
ch,89.9,2,2002
ch,86.1,3,2002
ch,85.9,4,2002
ch,87,5,2002
ch,87.5,6,2002
ch,87.7,7,2002
ch,87.8,8,2002
ch,88.2,9,2002
ch,95.4,0,2003
ch,90.4,1,2003
ch,88.9,2,2003
ch,84.4,3,2003
ch,85.2,4,2003
ch,85.8,5,2003
ch,86.6,6,2003
ch,86.9,7,2003
ch,86.9,8,2003
ch,0,9,2003
ch,96.7,0,2004
ch,92.4,1,2004
ch,90.6,2,2004
ch,87.4,3,2004
ch,88.1,4,2004
ch,89.1,5,2004
ch,89.3,6,2004
ch,89.4,7,2004
ch,0,8,2004
ch,0,9,2004
ch,96.6,0,2005
ch,92.7,1,2005
ch,90.7,2,2005
ch,86.9,3,2005
ch,88.2,4,2005
ch,89.8,5,2005
ch,90.2,6,2005
ch,0,7,2005
ch,0,8,2005
ch,0,9,2005
ch,96.5,0,2006
ch,93.1,1,2006
ch,91.2,2,2006
ch,89.1,3,2006
ch,89.3,4,2006
ch,90.1,5,2006
ch,0,6,2006
ch,0,7,2006
ch,0,8,2006
ch,0,9,2006
ch,96.2,0,2007
ch,92.8,1,2007
ch,92.5,2,2007
ch,89.6,3,2007
ch,90.6,4,2007
ch,0,5,2007
ch,0,6,2007
ch,0,7,2007
ch,0,8,2007
ch,0,9,2007
ch,95.7,0,2008
ch,93.8,1,2008
ch,92.1,2,2008
ch,89.6,3,2008
ch,0,4,2008
ch,0,5,2008
ch,0,6,2008
ch,0,7,2008
ch,0,8,2008
ch,0,9,2008
ch,96.4,0,2009
ch,93.5,1,2009
ch,91.9,2,2009
ch,0,3,2009
ch,0,4,2009
ch,0,5,2009
ch,0,6,2009
ch,0,7,2009
ch,0,8,2009
ch,0,9,2009
ch,97.2,0,2010
ch,94,1,2010
ch,0,2,2010
ch,0,3,2010
ch,0,4,2010
ch,0,5,2010
ch,0,6,2010
ch,0,7,2010
ch,0,8,2010
ch,0,9,2010
ch,97.2,0,2011
ch,0,1,2011
ch,0,2,2011
ch,0,3,2011
ch,0,4,2011
ch,0,5,2011
ch,0,6,2011
ch,0,7,2011
ch,0,8,2011
ch,0,9,2011
charlotte,76.1,0,1996
charlotte,61.8,1,1996
charlotte,56.1,2,1996
charlotte,53,3,1996
charlotte,52,4,1996
charlotte,50.9,5,1996
charlotte,51.3,6,1996
charlotte,51.7,7,1996
charlotte,51.8,8,1996
charlotte,51.9,9,1996
charlotte,78.7,0,1997
charlotte,65.5,1,1997
charlotte,59.3,2,1997
charlotte,57,3,1997
charlotte,55,4,1997
charlotte,55,5,1997
charlotte,55.7,6,1997
charlotte,55.7,7,1997
charlotte,56.3,8,1997
charlotte,56.5,9,1997
charlotte,73.4,0,1998
charlotte,58.4,1,1998
charlotte,54.4,2,1998
charlotte,53.2,3,1998
charlotte,52.5,4,1998
charlotte,52.3,5,1998
charlotte,52.6,6,1998
charlotte,52.8,7,1998
charlotte,52.9,8,1998
charlotte,53.1,9,1998
charlotte,73.1,0,1999
charlotte,60.3,1,1999
charlotte,56.4,2,1999
charlotte,54.8,3,1999
charlotte,52.6,4,1999
charlotte,53.7,5,1999
charlotte,53.6,6,1999
charlotte,53.8,7,1999
charlotte,54.1,8,1999
charlotte,54.3,9,1999
charlotte,77.7,0,2000
charlotte,61.8,1,2000
charlotte,57.6,2,2000
charlotte,55.3,3,2000
charlotte,54.1,4,2000
charlotte,54.9,5,2000
charlotte,54.9,6,2000
charlotte,55.1,7,2000
charlotte,55.7,8,2000
charlotte,55.9,9,2000
charlotte,76.4,0,2001
charlotte,62.7,1,2001
charlotte,58.1,2,2001
charlotte,57,3,2001
charlotte,56,4,2001
charlotte,55.5,5,2001
charlotte,55.7,6,2001
charlotte,55.9,7,2001
charlotte,55.9,8,2001
charlotte,55.9,9,2001
charlotte,75.7,0,2002
charlotte,61.7,1,2002
charlotte,57.6,2,2002
charlotte,56,3,2002
charlotte,54.9,4,2002
charlotte,55.3,5,2002
charlotte,56.2,6,2002
charlotte,56.3,7,2002
charlotte,56.3,8,2002
charlotte,56.2,9,2002
charlotte,77.1,0,2003
charlotte,65.4,1,2003
charlotte,61.6,2,2003
charlotte,59.4,3,2003
charlotte,58.7,4,2003
charlotte,58.8,5,2003
charlotte,58.8,6,2003
charlotte,59.2,7,2003
charlotte,59.6,8,2003
charlotte,0,9,2003
charlotte,78.7,0,2004
charlotte,66.7,1,2004
charlotte,63.1,2,2004
charlotte,61.7,3,2004
charlotte,60.2,4,2004
charlotte,59.8,5,2004
charlotte,60,6,2004
charlotte,60.7,7,2004
charlotte,0,8,2004
charlotte,0,9,2004
charlotte,77.4,0,2005
charlotte,63.8,1,2005
charlotte,59.7,2,2005
charlotte,58.6,3,2005
charlotte,57.3,4,2005
charlotte,58,5,2005
charlotte,57.9,6,2005
charlotte,0,7,2005
charlotte,0,8,2005
charlotte,0,9,2005
charlotte,77,0,2006
charlotte,64.9,1,2006
charlotte,61.1,2,2006
charlotte,58.3,3,2006
charlotte,57.7,4,2006
charlotte,57.8,5,2006
charlotte,0,6,2006
charlotte,0,7,2006
charlotte,0,8,2006
charlotte,0,9,2006
charlotte,78.1,0,2007
charlotte,66.3,1,2007
charlotte,61.7,2,2007
charlotte,59.4,3,2007
charlotte,57.8,4,2007
charlotte,0,5,2007
charlotte,0,6,2007
charlotte,0,7,2007
charlotte,0,8,2007
charlotte,0,9,2007
charlotte,77.9,0,2008
charlotte,66.4,1,2008
charlotte,61.1,2,2008
charlotte,59.1,3,2008
charlotte,0,4,2008
charlotte,0,5,2008
charlotte,0,6,2008
charlotte,0,7,2008
charlotte,0,8,2008
charlotte,0,9,2008
charlotte,77.5,0,2009
charlotte,65,1,2009
charlotte,60.1,2,2009
charlotte,0,3,2009
charlotte,0,4,2009
charlotte,0,5,2009
charlotte,0,6,2009
charlotte,0,7,2009
charlotte,0,8,2009
charlotte,0,9,2009
charlotte,78,0,2010
charlotte,67.4,1,2010
charlotte,0,2,2010
charlotte,0,3,2010
charlotte,0,4,2010
charlotte,0,5,2010
charlotte,0,6,2010
charlotte,0,7,2010
charlotte,0,8,2010
charlotte,0,9,2010
charlotte,77.1,0,2011
charlotte,0,1,2011
charlotte,0,2,2011
charlotte,0,3,2011
charlotte,0,4,2011
charlotte,0,5,2011
charlotte,0,6,2011
charlotte,0,7,2011
charlotte,0,8,2011
charlotte,0,9,2011
greensboro,72.2,0,1996
greensboro,60.5,1,1996
greensboro,55.1,2,1996
greensboro,51.5,3,1996
greensboro,51,4,1996
greensboro,51.2,5,1996
greensboro,52.3,6,1996
greensboro,52.2,7,1996
greensboro,52.3,8,1996
greensboro,52.4,9,1996
greensboro,74,0,1997
greensboro,61,1,1997
greensboro,56.8,2,1997
greensboro,53.9,3,1997
greensboro,52.9,4,1997
greensboro,53.9,5,1997
greensboro,53.9,6,1997
greensboro,54.2,7,1997
greensboro,54.4,8,1997
greensboro,54.4,9,1997
greensboro,74,0,1998
greensboro,60.2,1,1998
greensboro,55,2,1998
greensboro,53.2,3,1998
greensboro,53.1,4,1998
greensboro,53.2,5,1998
greensboro,53.2,6,1998
greensboro,53.4,7,1998
greensboro,53.7,8,1998
greensboro,53.8,9,1998
greensboro,74,0,1999
greensboro,62.1,1,1999
greensboro,58.5,2,1999
greensboro,55,3,1999
greensboro,53.5,4,1999
greensboro,54.1,5,1999
greensboro,54.6,6,1999
greensboro,54.9,7,1999
greensboro,55.2,8,1999
greensboro,55.6,9,1999
greensboro,75,0,2000
greensboro,62.5,1,2000
greensboro,58.5,2,2000
greensboro,55.4,3,2000
greensboro,54.3,4,2000
greensboro,54.2,5,2000
greensboro,54.9,6,2000
greensboro,55.3,7,2000
greensboro,55.8,8,2000
greensboro,55.9,9,2000
greensboro,74.1,0,2001
greensboro,61.3,1,2001
greensboro,57.3,2,2001
greensboro,54,3,2001
greensboro,53.3,4,2001
greensboro,53.5,5,2001
greensboro,53.5,6,2001
greensboro,53.5,7,2001
greensboro,53.8,8,2001
greensboro,53.7,9,2001
greensboro,75.6,0,2002
greensboro,62.4,1,2002
greensboro,60.7,2,2002
greensboro,56.9,3,2002
greensboro,56.1,4,2002
greensboro,56,5,2002
greensboro,56.2,6,2002
greensboro,56.8,7,2002
greensboro,57,8,2002
greensboro,57.1,9,2002
greensboro,77,0,2003
greensboro,65.4,1,2003
greensboro,60.1,2,2003
greensboro,56.9,3,2003
greensboro,56,4,2003
greensboro,56,5,2003
greensboro,55.7,6,2003
greensboro,56,7,2003
greensboro,56.1,8,2003
greensboro,0,9,2003
greensboro,77.5,0,2004
greensboro,65,1,2004
greensboro,60.4,2,2004
greensboro,57.5,3,2004
greensboro,56.6,4,2004
greensboro,56.2,5,2004
greensboro,56.3,6,2004
greensboro,56.6,7,2004
greensboro,0,8,2004
greensboro,0,9,2004
greensboro,76.3,0,2005
greensboro,65,1,2005
greensboro,60.8,2,2005
greensboro,58.8,3,2005
greensboro,57.1,4,2005
greensboro,57.4,5,2005
greensboro,57.5,6,2005
greensboro,0,7,2005
greensboro,0,8,2005
greensboro,0,9,2005
greensboro,75.9,0,2006
greensboro,64.2,1,2006
greensboro,60.5,2,2006
greensboro,57.7,3,2006
greensboro,56.8,4,2006
greensboro,57.1,5,2006
greensboro,0,6,2006
greensboro,0,7,2006
greensboro,0,8,2006
greensboro,0,9,2006
greensboro,75.8,0,2007
greensboro,66.4,1,2007
greensboro,62.7,2,2007
greensboro,59.1,3,2007
greensboro,58,4,2007
greensboro,0,5,2007
greensboro,0,6,2007
greensboro,0,7,2007
greensboro,0,8,2007
greensboro,0,9,2007
greensboro,76.7,0,2008
greensboro,66.1,1,2008
greensboro,61.5,2,2008
greensboro,59.5,3,2008
greensboro,0,4,2008
greensboro,0,5,2008
greensboro,0,6,2008
greensboro,0,7,2008
greensboro,0,8,2008
greensboro,0,9,2008
greensboro,76.8,0,2009
greensboro,66.2,1,2009
greensboro,62.2,2,2009
greensboro,0,3,2009
greensboro,0,4,2009
greensboro,0,5,2009
greensboro,0,6,2009
greensboro,0,7,2009
greensboro,0,8,2009
greensboro,0,9,2009
greensboro,75.7,0,2010
greensboro,65.2,1,2010
greensboro,0,2,2010
greensboro,0,3,2010
greensboro,0,4,2010
greensboro,0,5,2010
greensboro,0,6,2010
greensboro,0,7,2010
greensboro,0,8,2010
greensboro,0,9,2010
greensboro,76.1,0,2011
greensboro,0,1,2011
greensboro,0,2,2011
greensboro,0,3,2011
greensboro,0,4,2011
greensboro,0,5,2011
greensboro,0,6,2011
greensboro,0,7,2011
greensboro,0,8,2011
greensboro,0,9,2011
pembroke,68.6,0,1996
pembroke,48.8,1,1996
pembroke,44.5,2,1996
pembroke,39.4,3,1996
pembroke,38.5,4,1996
pembroke,38.1,5,1996
pembroke,38.3,6,1996
pembroke,40.1,7,1996
pembroke,39.9,8,1996
pembroke,40.3,9,1996
pembroke,71,0,1997
pembroke,52.7,1,1997
pembroke,46.9,2,1997
pembroke,45,3,1997
pembroke,41.7,4,1997
pembroke,44,5,1997
pembroke,44.6,6,1997
pembroke,44.6,7,1997
pembroke,43.8,8,1997
pembroke,44.6,9,1997
pembroke,66.8,0,1998
pembroke,53.4,1,1998
pembroke,48.5,2,1998
pembroke,46.3,3,1998
pembroke,46.8,4,1998
pembroke,45.9,5,1998
pembroke,45,6,1998
pembroke,45.9,7,1998
pembroke,45.7,8,1998
pembroke,45.5,9,1998
pembroke,67.6,0,1999
pembroke,51.2,1,1999
pembroke,46.3,2,1999
pembroke,44.6,3,1999
pembroke,42.3,4,1999
pembroke,41.1,5,1999
pembroke,40.8,6,1999
pembroke,39.6,7,1999
pembroke,39.8,8,1999
pembroke,41.3,9,1999
pembroke,68.6,0,2000
pembroke,54.1,1,2000
pembroke,47.8,2,2000
pembroke,45.5,3,2000
pembroke,43.4,4,2000
pembroke,43.2,5,2000
pembroke,43,6,2000
pembroke,43.4,7,2000
pembroke,43.2,8,2000
pembroke,43.7,9,2000
pembroke,72.2,0,2001
pembroke,50.6,1,2001
pembroke,46.1,2,2001
pembroke,41.3,3,2001
pembroke,39.2,4,2001
pembroke,39.5,5,2001
pembroke,39.2,6,2001
pembroke,40,7,2001
pembroke,40.4,8,2001
pembroke,39.8,9,2001
pembroke,67.2,0,2002
pembroke,48.2,1,2002
pembroke,43.4,2,2002
pembroke,39.4,3,2002
pembroke,37.6,4,2002
pembroke,37.6,5,2002
pembroke,37.2,6,2002
pembroke,38,7,2002
pembroke,37.9,8,2002
pembroke,37.7,9,2002
pembroke,67.1,0,2003
pembroke,50.3,1,2003
pembroke,43.6,2,2003
pembroke,39.8,3,2003
pembroke,39.2,4,2003
pembroke,38.7,5,2003
pembroke,38.7,6,2003
pembroke,37.7,7,2003
pembroke,37.8,8,2003
pembroke,0,9,2003
pembroke,72.3,0,2004
pembroke,53.7,1,2004
pembroke,47.6,2,2004
pembroke,44.1,3,2004
pembroke,42.5,4,2004
pembroke,41.4,5,2004
pembroke,42,6,2004
pembroke,42.1,7,2004
pembroke,0,8,2004
pembroke,0,9,2004
pembroke,67.5,0,2005
pembroke,47.5,1,2005
pembroke,41.9,2,2005
pembroke,39.6,3,2005
pembroke,39.1,4,2005
pembroke,37.7,5,2005
pembroke,37.5,6,2005
pembroke,0,7,2005
pembroke,0,8,2005
pembroke,0,9,2005
pembroke,71.5,0,2006
pembroke,50.8,1,2006
pembroke,46.8,2,2006
pembroke,43.5,3,2006
pembroke,38.1,4,2006
pembroke,38.6,5,2006
pembroke,0,6,2006
pembroke,0,7,2006
pembroke,0,8,2006
pembroke,0,9,2006
pembroke,67.4,0,2007
pembroke,49.6,1,2007
pembroke,43.5,2,2007
pembroke,37.1,3,2007
pembroke,37,4,2007
pembroke,0,5,2007
pembroke,0,6,2007
pembroke,0,7,2007
pembroke,0,8,2007
pembroke,0,9,2007
pembroke,67.7,0,2008
pembroke,51.3,1,2008
pembroke,41.6,2,2008
pembroke,40,3,2008
pembroke,0,4,2008
pembroke,0,5,2008
pembroke,0,6,2008
pembroke,0,7,2008
pembroke,0,8,2008
pembroke,0,9,2008
pembroke,72.9,0,2009
pembroke,48.7,1,2009
pembroke,45,2,2009
pembroke,0,3,2009
pembroke,0,4,2009
pembroke,0,5,2009
pembroke,0,6,2009
pembroke,0,7,2009
pembroke,0,8,2009
pembroke,0,9,2009
pembroke,62.4,0,2010
pembroke,48.2,1,2010
pembroke,0,2,2010
pembroke,0,3,2010
pembroke,0,4,2010
pembroke,0,5,2010
pembroke,0,6,2010
pembroke,0,7,2010
pembroke,0,8,2010
pembroke,0,9,2010
pembroke,64.4,0,2011
pembroke,0,1,2011
pembroke,0,2,2011
pembroke,0,3,2011
pembroke,0,4,2011
pembroke,0,5,2011
pembroke,0,6,2011
pembroke,0,7,2011
pembroke,0,8,2011
pembroke,0,9,2011
wilmington,0,0,1996
wilmington,0,1,1996
wilmington,0.8,2,1996
wilmington,37.2,3,1996
wilmington,58.7,4,1996
wilmington,61.7,5,1996
wilmington,62.7,6,1996
wilmington,63.3,7,1996
wilmington,63.7,8,1996
wilmington,63.8,9,1996
wilmington,0,0,1997
wilmington,0,1,1997
wilmington,0.7,2,1997
wilmington,35.3,3,1997
wilmington,56.1,4,1997
wilmington,59.2,5,1997
wilmington,60.2,6,1997
wilmington,60.6,7,1997
wilmington,60.7,8,1997
wilmington,61.2,9,1997
wilmington,0,0,1998
wilmington,0,1,1998
wilmington,0.7,2,1998
wilmington,37.3,3,1998
wilmington,58.3,4,1998
wilmington,61.2,5,1998
wilmington,62.3,6,1998
wilmington,63.1,7,1998
wilmington,63.5,8,1998
wilmington,63.9,9,1998
wilmington,0,0,1999
wilmington,0,1,1999
wilmington,0.8,2,1999
wilmington,40.7,3,1999
wilmington,60.7,4,1999
wilmington,63.5,5,1999
wilmington,64.5,6,1999
wilmington,65.1,7,1999
wilmington,65.3,8,1999
wilmington,65.6,9,1999
wilmington,0,0,2000
wilmington,0.1,1,2000
wilmington,1.7,2,2000
wilmington,42.8,3,2000
wilmington,61.4,4,2000
wilmington,65.1,5,2000
wilmington,66.4,6,2000
wilmington,66.7,7,2000
wilmington,67,8,2000
wilmington,67.1,9,2000
wilmington,0,0,2001
wilmington,0,1,2001
wilmington,1,2,2001
wilmington,41.5,3,2001
wilmington,61.5,4,2001
wilmington,64.8,5,2001
wilmington,66.4,6,2001
wilmington,67.1,7,2001
wilmington,67.6,8,2001
wilmington,67.9,9,2001
wilmington,0,0,2002
wilmington,0,1,2002
wilmington,1,2,2002
wilmington,44.9,3,2002
wilmington,63.6,4,2002
wilmington,67.1,5,2002
wilmington,67.7,6,2002
wilmington,68.6,7,2002
wilmington,69.2,8,2002
wilmington,69.6,9,2002
wilmington,0,0,2003
wilmington,0.1,1,2003
wilmington,1.7,2,2003
wilmington,44.3,3,2003
wilmington,65.2,4,2003
wilmington,68.5,5,2003
wilmington,69.5,6,2003
wilmington,69.9,7,2003
wilmington,70.1,8,2003
wilmington,0,9,2003
wilmington,0,0,2004
wilmington,0.1,1,2004
wilmington,1,2,2004
wilmington,44.5,3,2004
wilmington,63.1,4,2004
wilmington,65.9,5,2004
wilmington,67.3,6,2004
wilmington,67.7,7,2004
wilmington,0,8,2004
wilmington,0,9,2004
wilmington,0,0,2005
wilmington,0,1,2005
wilmington,1.3,2,2005
wilmington,43.5,3,2005
wilmington,64.1,4,2005
wilmington,66.9,5,2005
wilmington,67.8,6,2005
wilmington,0,7,2005
wilmington,0,8,2005
wilmington,0,9,2005
wilmington,0,0,2006
wilmington,0,1,2006
wilmington,1,2,2006
wilmington,49,3,2006
wilmington,66.1,4,2006
wilmington,68.5,5,2006
wilmington,0,6,2006
wilmington,0,7,2006
wilmington,0,8,2006
wilmington,0,9,2006
wilmington,0,0,2007
wilmington,0,1,2007
wilmington,1.4,2,2007
wilmington,51.7,3,2007
wilmington,67.8,4,2007
wilmington,0,5,2007
wilmington,0,6,2007
wilmington,0,7,2007
wilmington,0,8,2007
wilmington,0,9,2007
wilmington,0,0,2008
wilmington,0,1,2008
wilmington,1.7,2,2008
wilmington,49.2,3,2008
wilmington,0,4,2008
wilmington,0,5,2008
wilmington,0,6,2008
wilmington,0,7,2008
wilmington,0,8,2008
wilmington,0,9,2008
wilmington,0,0,2009
wilmington,0.1,1,2009
wilmington,1.9,2,2009
wilmington,0,3,2009
wilmington,0,4,2009
wilmington,0,5,2009
wilmington,0,6,2009
wilmington,0,7,2009
wilmington,0,8,2009
wilmington,0,9,2009
wilmington,0,0,2010
wilmington,0.1,1,2010
wilmington,0,2,2010
wilmington,0,3,2010
wilmington,0,4,2010
wilmington,0,5,2010
wilmington,0,6,2010
wilmington,0,7,2010
wilmington,0,8,2010
wilmington,0,9,2010
wilmington,0,0,2011
wilmington,0,1,2011
wilmington,0,2,2011
wilmington,0,3,2011
wilmington,0,4,2011
wilmington,0,5,2011
wilmington,0,6,2011
wilmington,0,7,2011
wilmington,0,8,2011
wilmington,0,9,2011
arts,62.9,0,1996
arts,50.5,1,1996
arts,45.7,2,1996
arts,46.7,3,1996
arts,47.6,4,1996
arts,47.6,5,1996
arts,47.6,6,1996
arts,47.6,7,1996
arts,47.6,8,1996
arts,47.6,9,1996
arts,72.6,0,1997
arts,54.8,1,1997
arts,49.7,2,1997
arts,47.8,3,1997
arts,45.9,4,1997
arts,45.9,5,1997
arts,45.9,6,1997
arts,46.5,7,1997
arts,46.5,8,1997
arts,46.5,9,1997
arts,77.4,0,1998
arts,56.9,1,1998
arts,53.3,2,1998
arts,49.6,3,1998
arts,50.4,4,1998
arts,50.4,5,1998
arts,51.1,6,1998
arts,51.1,7,1998
arts,51.1,8,1998
arts,51.1,9,1998
arts,79.6,0,1999
arts,59.9,1,1999
arts,56.3,2,1999
arts,55.6,3,1999
arts,55.6,4,1999
arts,57,5,1999
arts,57,6,1999
arts,57,7,1999
arts,57.7,8,1999
arts,58.5,9,1999
arts,75.2,0,2000
arts,60.8,1,2000
arts,55.6,2,2000
arts,54.9,3,2000
arts,54.2,4,2000
arts,55.6,5,2000
arts,54.9,6,2000
arts,55.6,7,2000
arts,55.6,8,2000
arts,55.6,9,2000
arts,74.3,0,2001
arts,58.8,1,2001
arts,54.7,2,2001
arts,50.7,3,2001
arts,51.4,4,2001
arts,51.4,5,2001
arts,51.4,6,2001
arts,52,7,2001
arts,52,8,2001
arts,52,9,2001
arts,74.6,0,2002
arts,59.9,1,2002
arts,57,2,2002
arts,56.3,3,2002
arts,55.6,4,2002
arts,55.6,5,2002
arts,56.3,6,2002
arts,56.3,7,2002
arts,56.3,8,2002
arts,56.3,9,2002
arts,76.9,0,2003
arts,66.9,1,2003
arts,62,2,2003
arts,60.3,3,2003
arts,59.5,4,2003
arts,61.2,5,2003
arts,61.2,6,2003
arts,62,7,2003
arts,62,8,2003
arts,0,9,2003
arts,73.9,0,2004
arts,62.2,1,2004
arts,59.5,2,2004
arts,55.9,3,2004
arts,56.8,4,2004
arts,58.6,5,2004
arts,57.7,6,2004
arts,58.6,7,2004
arts,0,8,2004
arts,0,9,2004
arts,76.6,0,2005
arts,62,1,2005
arts,55.1,2,2005
arts,57,3,2005
arts,57.6,4,2005
arts,58.2,5,2005
arts,58.2,6,2005
arts,0,7,2005
arts,0,8,2005
arts,0,9,2005
arts,81.1,0,2006
arts,67.5,1,2006
arts,64.5,2,2006
arts,62.1,3,2006
arts,62.7,4,2006
arts,62.7,5,2006
arts,0,6,2006
arts,0,7,2006
arts,0,8,2006
arts,0,9,2006
arts,77.5,0,2007
arts,68,1,2007
arts,61.5,2,2007
arts,59.8,3,2007
arts,59.8,4,2007
arts,0,5,2007
arts,0,6,2007
arts,0,7,2007
arts,0,8,2007
arts,0,9,2007
arts,77.4,0,2008
arts,65.2,1,2008
arts,63.4,2,2008
arts,61.6,3,2008
arts,0,4,2008
arts,0,5,2008
arts,0,6,2008
arts,0,7,2008
arts,0,8,2008
arts,0,9,2008
arts,79.6,0,2009
arts,72.6,1,2009
arts,70.7,2,2009
arts,0,3,2009
arts,0,4,2009
arts,0,5,2009
arts,0,6,2009
arts,0,7,2009
arts,0,8,2009
arts,0,9,2009
arts,84.5,0,2010
arts,70.4,1,2010
arts,0,2,2010
arts,0,3,2010
arts,0,4,2010
arts,0,5,2010
arts,0,6,2010
arts,0,7,2010
arts,0,8,2010
arts,0,9,2010
arts,85,0,2011
arts,0,1,2011
arts,0,2,2011
arts,0,3,2011
arts,0,4,2011
arts,0,5,2011
arts,0,6,2011
arts,0,7,2011
arts,0,8,2011
arts,0,9,2011
wcu,67,0,1996
wcu,53.4,1,1996
wcu,50.7,2,1996
wcu,49,3,1996
wcu,48.5,4,1996
wcu,48.3,5,1996
wcu,48.9,6,1996
wcu,49.2,7,1996
wcu,49.4,8,1996
wcu,49.3,9,1996
wcu,67.5,0,1997
wcu,57.2,1,1997
wcu,52.2,2,1997
wcu,51.4,3,1997
wcu,50.6,4,1997
wcu,51.3,5,1997
wcu,51,6,1997
wcu,50.9,7,1997
wcu,51,8,1997
wcu,51.2,9,1997
wcu,69.6,0,1998
wcu,55.6,1,1998
wcu,51.2,2,1998
wcu,49.5,3,1998
wcu,48.6,4,1998
wcu,48.7,5,1998
wcu,48.9,6,1998
wcu,48.7,7,1998
wcu,49,8,1998
wcu,49,9,1998
wcu,71.6,0,1999
wcu,56.6,1,1999
wcu,53.3,2,1999
wcu,52.6,3,1999
wcu,50.6,4,1999
wcu,50.8,5,1999
wcu,50.7,6,1999
wcu,50.9,7,1999
wcu,51.3,8,1999
wcu,51.3,9,1999
wcu,69.4,0,2000
wcu,57.2,1,2000
wcu,51.4,2,2000
wcu,50.5,3,2000
wcu,49.5,4,2000
wcu,49.3,5,2000
wcu,49.5,6,2000
wcu,49.8,7,2000
wcu,49.6,8,2000
wcu,49.6,9,2000
wcu,71,0,2001
wcu,58.2,1,2001
wcu,54.6,2,2001
wcu,51.3,3,2001
wcu,50.1,4,2001
wcu,50.3,5,2001
wcu,49.8,6,2001
wcu,50.5,7,2001
wcu,50.6,8,2001
wcu,50.8,9,2001
wcu,69.1,0,2002
wcu,58.3,1,2002
wcu,54.1,2,2002
wcu,52.2,3,2002
wcu,52.1,4,2002
wcu,51.8,5,2002
wcu,51.7,6,2002
wcu,51.7,7,2002
wcu,52,8,2002
wcu,52,9,2002
wcu,73.9,0,2003
wcu,60.1,1,2003
wcu,55.1,2,2003
wcu,52.5,3,2003
wcu,51,4,2003
wcu,50.9,5,2003
wcu,51.1,6,2003
wcu,51.4,7,2003
wcu,51.5,8,2003
wcu,0,9,2003
wcu,70.9,0,2004
wcu,59.6,1,2004
wcu,54.9,2,2004
wcu,53.3,3,2004
wcu,53.1,4,2004
wcu,53.7,5,2004
wcu,53.5,6,2004
wcu,53.7,7,2004
wcu,0,8,2004
wcu,0,9,2004
wcu,71.3,0,2005
wcu,60.1,1,2005
wcu,56.5,2,2005
wcu,53.8,3,2005
wcu,52.2,4,2005
wcu,52.2,5,2005
wcu,52.2,6,2005
wcu,0,7,2005
wcu,0,8,2005
wcu,0,9,2005
wcu,66.5,0,2006
wcu,55.5,1,2006
wcu,52.6,2,2006
wcu,50.2,3,2006
wcu,49,4,2006
wcu,49.9,5,2006
wcu,0,6,2006
wcu,0,7,2006
wcu,0,8,2006
wcu,0,9,2006
wcu,71.5,0,2007
wcu,60.3,1,2007
wcu,55.7,2,2007
wcu,53.4,3,2007
wcu,53.3,4,2007
wcu,0,5,2007
wcu,0,6,2007
wcu,0,7,2007
wcu,0,8,2007
wcu,0,9,2007
wcu,76.2,0,2008
wcu,67.8,1,2008
wcu,63.2,2,2008
wcu,60.7,3,2008
wcu,0,4,2008
wcu,0,5,2008
wcu,0,6,2008
wcu,0,7,2008
wcu,0,8,2008
wcu,0,9,2008
wcu,74.2,0,2009
wcu,64.8,1,2009
wcu,61.1,2,2009
wcu,0,3,2009
wcu,0,4,2009
wcu,0,5,2009
wcu,0,6,2009
wcu,0,7,2009
wcu,0,8,2009
wcu,0,9,2009
wcu,72,0,2010
wcu,63.5,1,2010
wcu,0,2,2010
wcu,0,3,2010
wcu,0,4,2010
wcu,0,5,2010
wcu,0,6,2010
wcu,0,7,2010
wcu,0,8,2010
wcu,0,9,2010
wcu,73.8,0,2011
wcu,0,1,2011
wcu,0,2,2011
wcu,0,3,2011
wcu,0,4,2011
wcu,0,5,2011
wcu,0,6,2011
wcu,0,7,2011
wcu,0,8,2011
wcu,0,9,2011
wssu,75,0,1996
wssu,56,1,1996
wssu,51.7,2,1996
wssu,50.4,3,1996
wssu,47.5,4,1996
wssu,46.9,5,1996
wssu,47.5,6,1996
wssu,47.1,7,1996
wssu,47.3,8,1996
wssu,47.5,9,1996
wssu,68,0,1997
wssu,60.6,1,1997
wssu,57.7,2,1997
wssu,55.1,3,1997
wssu,50.9,4,1997
wssu,52,5,1997
wssu,50.7,6,1997
wssu,50.9,7,1997
wssu,51.1,8,1997
wssu,51.1,9,1997
wssu,73.1,0,1998
wssu,63.2,1,1998
wssu,57.8,2,1998
wssu,53.2,3,1998
wssu,49.8,4,1998
wssu,48.1,5,1998
wssu,46.9,6,1998
wssu,46.9,7,1998
wssu,46.9,8,1998
wssu,46.9,9,1998
wssu,72.1,0,1999
wssu,65.3,1,1999
wssu,63.2,2,1999
wssu,58,3,1999
wssu,55.7,4,1999
wssu,54.6,5,1999
wssu,54,6,1999
wssu,53.4,7,1999
wssu,53.4,8,1999
wssu,52.9,9,1999
wssu,73.1,0,2000
wssu,63.1,1,2000
wssu,59.7,2,2000
wssu,53.7,3,2000
wssu,49.3,4,2000
wssu,48.9,5,2000
wssu,48.5,6,2000
wssu,48.3,7,2000
wssu,48.3,8,2000
wssu,48.5,9,2000
wssu,78.3,0,2001
wssu,68.4,1,2001
wssu,64.3,2,2001
wssu,57.7,3,2001
wssu,52.6,4,2001
wssu,51.1,5,2001
wssu,50.2,6,2001
wssu,50.5,7,2001
wssu,50.5,8,2001
wssu,50.7,9,2001
wssu,76.7,0,2002
wssu,65.7,1,2002
wssu,62.2,2,2002
wssu,53.3,3,2002
wssu,45.7,4,2002
wssu,43.6,5,2002
wssu,43.3,6,2002
wssu,42.8,7,2002
wssu,43.4,8,2002
wssu,43.9,9,2002
wssu,77.7,0,2003
wssu,65.6,1,2003
wssu,58.3,2,2003
wssu,50.7,3,2003
wssu,45,4,2003
wssu,42.9,5,2003
wssu,41.9,6,2003
wssu,42.6,7,2003
wssu,42.8,8,2003
wssu,0,9,2003
wssu,75.3,0,2004
wssu,61.8,1,2004
wssu,55.3,2,2004
wssu,46.1,3,2004
wssu,42.2,4,2004
wssu,41.5,5,2004
wssu,40.9,6,2004
wssu,40.7,7,2004
wssu,0,8,2004
wssu,0,9,2004
wssu,73,0,2005
wssu,59.3,1,2005
wssu,55.5,2,2005
wssu,49.3,3,2005
wssu,47.4,4,2005
wssu,45.8,5,2005
wssu,45.1,6,2005
wssu,0,7,2005
wssu,0,8,2005
wssu,0,9,2005
wssu,68.6,0,2006
wssu,58.9,1,2006
wssu,53.2,2,2006
wssu,49.9,3,2006
wssu,45.5,4,2006
wssu,44.2,5,2006
wssu,0,6,2006
wssu,0,7,2006
wssu,0,8,2006
wssu,0,9,2006
wssu,73.8,0,2007
wssu,62.9,1,2007
wssu,58,2,2007
wssu,53.6,3,2007
wssu,50.5,4,2007
wssu,0,5,2007
wssu,0,6,2007
wssu,0,7,2007
wssu,0,8,2007
wssu,0,9,2007
wssu,77.8,0,2008
wssu,61.9,1,2008
wssu,57,2,2008
wssu,52.7,3,2008
wssu,0,4,2008
wssu,0,5,2008
wssu,0,6,2008
wssu,0,7,2008
wssu,0,8,2008
wssu,0,9,2008
wssu,77,0,2009
wssu,64.4,1,2009
wssu,57.2,2,2009
wssu,0,3,2009
wssu,0,4,2009
wssu,0,5,2009
wssu,0,6,2009
wssu,0,7,2009
wssu,0,8,2009
wssu,0,9,2009
wssu,80.4,0,2010
wssu,62.6,1,2010
wssu,0,2,2010
wssu,0,3,2010
wssu,0,4,2010
wssu,0,5,2010
wssu,0,6,2010
wssu,0,7,2010
wssu,0,8,2010
wssu,0,9,2010
wssu,78.3,0,2011
wssu,0,1,2011
wssu,0,2,2011
wssu,0,3,2011
wssu,0,4,2011
wssu,0,5,2011
wssu,0,6,2011
wssu,0,7,2011
wssu,0,8,2011
wssu,0,9,2011
ncsu,88.1,0,1996
ncsu,78.7,1,1996
ncsu,74,2,1996
ncsu,70.8,3,1996
ncsu,69,4,1996
ncsu,68.7,5,1996
ncsu,68.8,6,1996
ncsu,68.9,7,1996
ncsu,69.2,8,1996
ncsu,69.4,9,1996
ncsu,87.8,0,1997
ncsu,78.1,1,1997
ncsu,72.5,2,1997
ncsu,70.1,3,1997
ncsu,68,4,1997
ncsu,67.5,5,1997
ncsu,67.7,6,1997
ncsu,67.8,7,1997
ncsu,68.1,8,1997
ncsu,68.3,9,1997
ncsu,88,0,1998
ncsu,79.2,1,1998
ncsu,74.9,2,1998
ncsu,72.5,3,1998
ncsu,71.4,4,1998
ncsu,70.7,5,1998
ncsu,71,6,1998
ncsu,71.1,7,1998
ncsu,71.1,8,1998
ncsu,71.2,9,1998
ncsu,88.9,0,1999
ncsu,81.2,1,1999
ncsu,77.8,2,1999
ncsu,75.6,3,1999
ncsu,74.4,4,1999
ncsu,74.3,5,1999
ncsu,74.1,6,1999
ncsu,74,7,1999
ncsu,74.2,8,1999
ncsu,74.3,9,1999
ncsu,88.7,0,2000
ncsu,82,1,2000
ncsu,78.5,2,2000
ncsu,75.8,3,2000
ncsu,74.2,4,2000
ncsu,73.4,5,2000
ncsu,73.6,6,2000
ncsu,73.7,7,2000
ncsu,74,8,2000
ncsu,74.1,9,2000
ncsu,89.1,0,2001
ncsu,81.8,1,2001
ncsu,77.3,2,2001
ncsu,74.1,3,2001
ncsu,73.5,4,2001
ncsu,72.9,5,2001
ncsu,73.3,6,2001
ncsu,73.5,7,2001
ncsu,73.6,8,2001
ncsu,73.8,9,2001
ncsu,90,0,2002
ncsu,82.8,1,2002
ncsu,78.9,2,2002
ncsu,76.3,3,2002
ncsu,74.1,4,2002
ncsu,74.7,5,2002
ncsu,74.8,6,2002
ncsu,74.7,7,2002
ncsu,75,8,2002
ncsu,74.9,9,2002
ncsu,90.7,0,2003
ncsu,83.8,1,2003
ncsu,80.5,2,2003
ncsu,77.5,3,2003
ncsu,76.2,4,2003
ncsu,76,5,2003
ncsu,76.2,6,2003
ncsu,76.4,7,2003
ncsu,76.4,8,2003
ncsu,0,9,2003
ncsu,89.2,0,2004
ncsu,82.6,1,2004
ncsu,79.5,2,2004
ncsu,77,3,2004
ncsu,75.6,4,2004
ncsu,75.5,5,2004
ncsu,75.5,6,2004
ncsu,75.7,7,2004
ncsu,0,8,2004
ncsu,0,9,2004
ncsu,89.4,0,2005
ncsu,82.7,1,2005
ncsu,79.8,2,2005
ncsu,76.7,3,2005
ncsu,75.1,4,2005
ncsu,75.2,5,2005
ncsu,75.3,6,2005
ncsu,0,7,2005
ncsu,0,8,2005
ncsu,0,9,2005
ncsu,89.2,0,2006
ncsu,82,1,2006
ncsu,78.4,2,2006
ncsu,75.1,3,2006
ncsu,73.7,4,2006
ncsu,74,5,2006
ncsu,0,6,2006
ncsu,0,7,2006
ncsu,0,8,2006
ncsu,0,9,2006
ncsu,89.6,0,2007
ncsu,83.7,1,2007
ncsu,80.5,2,2007
ncsu,77.9,3,2007
ncsu,76.4,4,2007
ncsu,0,5,2007
ncsu,0,6,2007
ncsu,0,7,2007
ncsu,0,8,2007
ncsu,0,9,2007
ncsu,90.9,0,2008
ncsu,84,1,2008
ncsu,81.2,2,2008
ncsu,78.5,3,2008
ncsu,0,4,2008
ncsu,0,5,2008
ncsu,0,6,2008
ncsu,0,7,2008
ncsu,0,8,2008
ncsu,0,9,2008
ncsu,89.5,0,2009
ncsu,83.6,1,2009
ncsu,81,2,2009
ncsu,0,3,2009
ncsu,0,4,2009
ncsu,0,5,2009
ncsu,0,6,2009
ncsu,0,7,2009
ncsu,0,8,2009
ncsu,0,9,2009
ncsu,89.4,0,2010
ncsu,84.5,1,2010
ncsu,0,2,2010
ncsu,0,3,2010
ncsu,0,4,2010
ncsu,0,5,2010
ncsu,0,6,2010
ncsu,0,7,2010
ncsu,0,8,2010
ncsu,0,9,2010
ncsu,92,0,2011
ncsu,0,1,2011
ncsu,0,2,2011
ncsu,0,3,2011
ncsu,0,4,2011
ncsu,0,5,2011
ncsu,0,6,2011
ncsu,0,7,2011
ncsu,0,8,2011
ncsu,0,9,2011
nccu,84.1,0,1996
nccu,68.6,1,1996
nccu,63.3,2,1996
nccu,58.6,3,1996
nccu,55.5,4,1996
nccu,56.1,5,1996
nccu,55.8,6,1996
nccu,55.5,7,1996
nccu,54.5,8,1996
nccu,55.1,9,1996
nccu,77.2,0,1997
nccu,68.1,1,1997
nccu,60.3,2,1997
nccu,57,3,1997
nccu,55.3,4,1997
nccu,54.6,5,1997
nccu,54.9,6,1997
nccu,55.6,7,1997
nccu,54.4,8,1997
nccu,54.5,9,1997
nccu,77,0,1998
nccu,66.3,1,1998
nccu,61.8,2,1998
nccu,56.9,3,1998
nccu,55.3,4,1998
nccu,56.2,5,1998
nccu,55.7,6,1998
nccu,55.4,7,1998
nccu,55,8,1998
nccu,55.4,9,1998
nccu,72.3,0,1999
nccu,61.9,1,1999
nccu,58.7,2,1999
nccu,53.2,3,1999
nccu,52.2,4,1999
nccu,51.4,5,1999
nccu,50.2,6,1999
nccu,49.2,7,1999
nccu,49.4,8,1999
nccu,50,9,1999
nccu,78.5,0,2000
nccu,69.6,1,2000
nccu,64,2,2000
nccu,60.3,3,2000
nccu,57.5,4,2000
nccu,55.6,5,2000
nccu,54.4,6,2000
nccu,54,7,2000
nccu,54.3,8,2000
nccu,54.6,9,2000
nccu,81.8,0,2001
nccu,70.9,1,2001
nccu,65.4,2,2001
nccu,60.1,3,2001
nccu,56.5,4,2001
nccu,53.4,5,2001
nccu,53.1,6,2001
nccu,53.5,7,2001
nccu,54.2,8,2001
nccu,53.8,9,2001
nccu,78.2,0,2002
nccu,70,1,2002
nccu,64.3,2,2002
nccu,58.7,3,2002
nccu,55.4,4,2002
nccu,53.5,5,2002
nccu,53.5,6,2002
nccu,52.6,7,2002
nccu,52.7,8,2002
nccu,53,9,2002
nccu,77.8,0,2003
nccu,66.4,1,2003
nccu,58.5,2,2003
nccu,53.4,3,2003
nccu,49,4,2003
nccu,48.9,5,2003
nccu,49.2,6,2003
nccu,49.3,7,2003
nccu,49.3,8,2003
nccu,0,9,2003
nccu,76.4,0,2004
nccu,61.6,1,2004
nccu,54.2,2,2004
nccu,48.2,3,2004
nccu,44.6,4,2004
nccu,43.5,5,2004
nccu,42.9,6,2004
nccu,43.7,7,2004
nccu,0,8,2004
nccu,0,9,2004
nccu,71,0,2005
nccu,57.2,1,2005
nccu,49.3,2,2005
nccu,44.9,3,2005
nccu,42.7,4,2005
nccu,41.3,5,2005
nccu,41.3,6,2005
nccu,0,7,2005
nccu,0,8,2005
nccu,0,9,2005
nccu,77.3,0,2006
nccu,62.3,1,2006
nccu,57.1,2,2006
nccu,50.4,3,2006
nccu,46.1,4,2006
nccu,46.3,5,2006
nccu,0,6,2006
nccu,0,7,2006
nccu,0,8,2006
nccu,0,9,2006
nccu,71.6,0,2007
nccu,57.1,1,2007
nccu,50.7,2,2007
nccu,45.4,3,2007
nccu,42.9,4,2007
nccu,0,5,2007
nccu,0,6,2007
nccu,0,7,2007
nccu,0,8,2007
nccu,0,9,2007
nccu,77,0,2008
nccu,65,1,2008
nccu,55.9,2,2008
nccu,52,3,2008
nccu,0,4,2008
nccu,0,5,2008
nccu,0,6,2008
nccu,0,7,2008
nccu,0,8,2008
nccu,0,9,2008
nccu,69.2,0,2009
nccu,56.3,1,2009
nccu,50.1,2,2009
nccu,0,3,2009
nccu,0,4,2009
nccu,0,5,2009
nccu,0,6,2009
nccu,0,7,2009
nccu,0,8,2009
nccu,0,9,2009
nccu,67.7,0,2010
nccu,56.9,1,2010
nccu,0,2,2010
nccu,0,3,2010
nccu,0,4,2010
nccu,0,5,2010
nccu,0,6,2010
nccu,0,7,2010
nccu,0,8,2010
nccu,0,9,2010
nccu,71.5,0,2011
nccu,0,1,2011
nccu,0,2,2011
nccu,0,3,2011
nccu,0,4,2011
nccu,0,5,2011
nccu,0,6,2011
nccu,0,7,2011
nccu,0,8,2011
nccu,0,9,2011
ncat,75,0,1996
ncat,62.5,1,1996
ncat,56.4,2,1996
ncat,50.8,3,1996
ncat,45.8,4,1996
ncat,43.9,5,1996
ncat,44.2,6,1996
ncat,43.6,7,1996
ncat,43.8,8,1996
ncat,43.8,9,1996
ncat,76.7,0,1997
ncat,65.8,1,1997
ncat,59.8,2,1997
ncat,56.1,3,1997
ncat,50.6,4,1997
ncat,48.8,5,1997
ncat,47.9,6,1997
ncat,47.8,7,1997
ncat,47.8,8,1997
ncat,47.9,9,1997
ncat,75.5,0,1998
ncat,61.8,1,1998
ncat,58.2,2,1998
ncat,52,3,1998
ncat,48.8,4,1998
ncat,46.5,5,1998
ncat,45.7,6,1998
ncat,45.4,7,1998
ncat,45.5,8,1998
ncat,46.3,9,1998
ncat,72.3,0,1999
ncat,61.6,1,1999
ncat,56.3,2,1999
ncat,50.1,3,1999
ncat,44.7,4,1999
ncat,43.7,5,1999
ncat,42.7,6,1999
ncat,42.6,7,1999
ncat,42.9,8,1999
ncat,42.6,9,1999
ncat,76.6,0,2000
ncat,63.8,1,2000
ncat,58,2,2000
ncat,50.8,3,2000
ncat,44.9,4,2000
ncat,42.5,5,2000
ncat,42.1,6,2000
ncat,42.6,7,2000
ncat,42.8,8,2000
ncat,43.3,9,2000
ncat,76,0,2001
ncat,66.9,1,2001
ncat,58.9,2,2001
ncat,53.6,3,2001
ncat,46,4,2001
ncat,45.6,5,2001
ncat,45.1,6,2001
ncat,45.5,7,2001
ncat,45.5,8,2001
ncat,45.7,9,2001
ncat,73,0,2002
ncat,60.6,1,2002
ncat,55.6,2,2002
ncat,45.6,3,2002
ncat,43,4,2002
ncat,41.9,5,2002
ncat,42,6,2002
ncat,41.5,7,2002
ncat,41.7,8,2002
ncat,41.8,9,2002
ncat,73.1,0,2003
ncat,61.3,1,2003
ncat,53.3,2,2003
ncat,48,3,2003
ncat,43.4,4,2003
ncat,41.5,5,2003
ncat,41.6,6,2003
ncat,41.7,7,2003
ncat,41.7,8,2003
ncat,0,9,2003
ncat,72.5,0,2004
ncat,58.9,1,2004
ncat,52.2,2,2004
ncat,47.7,3,2004
ncat,44.5,4,2004
ncat,43.1,5,2004
ncat,42.8,6,2004
ncat,42.5,7,2004
ncat,0,8,2004
ncat,0,9,2004
ncat,68.9,0,2005
ncat,58.2,1,2005
ncat,54,2,2005
ncat,50.7,3,2005
ncat,46.5,4,2005
ncat,45.9,5,2005
ncat,44.8,6,2005
ncat,0,7,2005
ncat,0,8,2005
ncat,0,9,2005
ncat,71.7,0,2006
ncat,62.8,1,2006
ncat,57.4,2,2006
ncat,53.8,3,2006
ncat,49.8,4,2006
ncat,46.6,5,2006
ncat,0,6,2006
ncat,0,7,2006
ncat,0,8,2006
ncat,0,9,2006
ncat,73.6,0,2007
ncat,63.8,1,2007
ncat,58.6,2,2007
ncat,56,3,2007
ncat,48.8,4,2007
ncat,0,5,2007
ncat,0,6,2007
ncat,0,7,2007
ncat,0,8,2007
ncat,0,9,2007
ncat,78.3,0,2008
ncat,67.6,1,2008
ncat,62.4,2,2008
ncat,57.3,3,2008
ncat,0,4,2008
ncat,0,5,2008
ncat,0,6,2008
ncat,0,7,2008
ncat,0,8,2008
ncat,0,9,2008
ncat,72.4,0,2009
ncat,62.4,1,2009
ncat,57.1,2,2009
ncat,0,3,2009
ncat,0,4,2009
ncat,0,5,2009
ncat,0,6,2009
ncat,0,7,2009
ncat,0,8,2009
ncat,0,9,2009
ncat,74.3,0,2010
ncat,64.1,1,2010
ncat,0,2,2010
ncat,0,3,2010
ncat,0,4,2010
ncat,0,5,2010
ncat,0,6,2010
ncat,0,7,2010
ncat,0,8,2010
ncat,0,9,2010
ncat,73.5,0,2011
ncat,0,1,2011
ncat,0,2,2011
ncat,0,3,2011
ncat,0,4,2011
ncat,0,5,2011
ncat,0,6,2011
ncat,0,7,2011
ncat,0,8,2011
ncat,0,9,2011
fsu,71.2,0,1996
fsu,55.7,1,1996
fsu,46.8,2,1996
fsu,41.2,3,1996
fsu,41.9,4,1996
fsu,41.7,5,1996
fsu,41.6,6,1996
fsu,41.9,7,1996
fsu,42.1,8,1996
fsu,42.9,9,1996
fsu,72.8,0,1997
fsu,57.5,1,1997
fsu,48.9,2,1997
fsu,46.4,3,1997
fsu,46.6,4,1997
fsu,43.8,5,1997
fsu,44.2,6,1997
fsu,46.4,7,1997
fsu,47.4,8,1997
fsu,46.2,9,1997
fsu,74.2,0,1998
fsu,54.9,1,1998
fsu,46.4,2,1998
fsu,43.9,3,1998
fsu,41.8,4,1998
fsu,39.5,5,1998
fsu,41.8,6,1998
fsu,41.6,7,1998
fsu,40.8,8,1998
fsu,40.3,9,1998
fsu,72.6,0,1999
fsu,60.2,1,1999
fsu,53.3,2,1999
fsu,49.4,3,1999
fsu,48.2,4,1999
fsu,47.7,5,1999
fsu,47.2,6,1999
fsu,46.3,7,1999
fsu,46.8,8,1999
fsu,46.7,9,1999
fsu,71,0,2000
fsu,56.8,1,2000
fsu,49.2,2,2000
fsu,45.6,3,2000
fsu,42.6,4,2000
fsu,42.8,5,2000
fsu,42.4,6,2000
fsu,42.6,7,2000
fsu,42.6,8,2000
fsu,42.8,9,2000
fsu,73.9,0,2001
fsu,55.8,1,2001
fsu,51.6,2,2001
fsu,47.6,3,2001
fsu,43.6,4,2001
fsu,42.9,5,2001
fsu,41.4,6,2001
fsu,41.8,7,2001
fsu,42.1,8,2001
fsu,41.8,9,2001
fsu,73.4,0,2002
fsu,59.8,1,2002
fsu,54,2,2002
fsu,49,3,2002
fsu,46.2,4,2002
fsu,45.4,5,2002
fsu,44.7,6,2002
fsu,44.4,7,2002
fsu,44.8,8,2002
fsu,45,9,2002
fsu,72.7,0,2003
fsu,57.4,1,2003
fsu,50.4,2,2003
fsu,43.5,3,2003
fsu,39.4,4,2003
fsu,38.7,5,2003
fsu,38.5,6,2003
fsu,39.3,7,2003
fsu,38.2,8,2003
fsu,0,9,2003
fsu,75.4,0,2004
fsu,60.7,1,2004
fsu,53.2,2,2004
fsu,47.4,3,2004
fsu,43.8,4,2004
fsu,40.4,5,2004
fsu,40.5,6,2004
fsu,40,7,2004
fsu,0,8,2004
fsu,0,9,2004
fsu,70.9,0,2005
fsu,55.1,1,2005
fsu,46.3,2,2005
fsu,41.3,3,2005
fsu,38,4,2005
fsu,36.3,5,2005
fsu,36.4,6,2005
fsu,0,7,2005
fsu,0,8,2005
fsu,0,9,2005
fsu,73.3,0,2006
fsu,55.5,1,2006
fsu,46.3,2,2006
fsu,40.7,3,2006
fsu,36.8,4,2006
fsu,36.3,5,2006
fsu,0,6,2006
fsu,0,7,2006
fsu,0,8,2006
fsu,0,9,2006
fsu,69.3,0,2007
fsu,52.5,1,2007
fsu,42.7,2,2007
fsu,38.9,3,2007
fsu,37.1,4,2007
fsu,0,5,2007
fsu,0,6,2007
fsu,0,7,2007
fsu,0,8,2007
fsu,0,9,2007
fsu,73.6,0,2008
fsu,53.2,1,2008
fsu,48.2,2,2008
fsu,43.9,3,2008
fsu,0,4,2008
fsu,0,5,2008
fsu,0,6,2008
fsu,0,7,2008
fsu,0,8,2008
fsu,0,9,2008
fsu,69.1,0,2009
fsu,51.9,1,2009
fsu,46.8,2,2009
fsu,0,3,2009
fsu,0,4,2009
fsu,0,5,2009
fsu,0,6,2009
fsu,0,7,2009
fsu,0,8,2009
fsu,0,9,2009
fsu,72.3,0,2010
fsu,58.6,1,2010
fsu,0,2,2010
fsu,0,3,2010
fsu,0,4,2010
fsu,0,5,2010
fsu,0,6,2010
fsu,0,7,2010
fsu,0,8,2010
fsu,0,9,2010
fsu,75.6,0,2011
fsu,0,1,2011
fsu,0,2,2011
fsu,0,3,2011
fsu,0,4,2011
fsu,0,5,2011
fsu,0,6,2011
fsu,0,7,2011
fsu,0,8,2011
fsu,0,9,2011
ecsu,75.2,0,1996
ecsu,63.6,1,1996
ecsu,61.2,2,1996
ecsu,57.3,3,1996
ecsu,55.9,4,1996
ecsu,55.9,5,1996
ecsu,56.5,6,1996
ecsu,56.2,7,1996
ecsu,56.5,8,1996
ecsu,56.5,9,1996
ecsu,76.4,0,1997
ecsu,65.6,1,1997
ecsu,59.9,2,1997
ecsu,55.7,3,1997
ecsu,53.5,4,1997
ecsu,54.2,5,1997
ecsu,54.5,6,1997
ecsu,55,7,1997
ecsu,54.7,8,1997
ecsu,55.4,9,1997
ecsu,72.9,0,1998
ecsu,60.2,1,1998
ecsu,56.8,2,1998
ecsu,50.4,3,1998
ecsu,49.3,4,1998
ecsu,48.8,5,1998
ecsu,48.8,6,1998
ecsu,48.8,7,1998
ecsu,49.9,8,1998
ecsu,49.1,9,1998
ecsu,77.3,0,1999
ecsu,65.3,1,1999
ecsu,57.4,2,1999
ecsu,52.9,3,1999
ecsu,51.4,4,1999
ecsu,52.9,5,1999
ecsu,52.1,6,1999
ecsu,52.6,7,1999
ecsu,53.4,8,1999
ecsu,53.6,9,1999
ecsu,81.4,0,2000
ecsu,65,1,2000
ecsu,55.9,2,2000
ecsu,53.4,3,2000
ecsu,50.7,4,2000
ecsu,51.4,5,2000
ecsu,52.3,6,2000
ecsu,52,7,2000
ecsu,52.3,8,2000
ecsu,52.7,9,2000
ecsu,73,0,2001
ecsu,59.2,1,2001
ecsu,56.5,2,2001
ecsu,53.4,3,2001
ecsu,51.2,4,2001
ecsu,53.2,5,2001
ecsu,53.2,6,2001
ecsu,53.7,7,2001
ecsu,53.4,8,2001
ecsu,53.7,9,2001
ecsu,74.9,0,2002
ecsu,60,1,2002
ecsu,54.1,2,2002
ecsu,47.8,3,2002
ecsu,46.7,4,2002
ecsu,47.4,5,2002
ecsu,46.3,6,2002
ecsu,46.7,7,2002
ecsu,46.5,8,2002
ecsu,46.5,9,2002
ecsu,76.3,0,2003
ecsu,60.1,1,2003
ecsu,56.9,2,2003
ecsu,53.2,3,2003
ecsu,49.2,4,2003
ecsu,48.8,5,2003
ecsu,49,6,2003
ecsu,49.7,7,2003
ecsu,49.5,8,2003
ecsu,0,9,2003
ecsu,74.7,0,2004
ecsu,56.1,1,2004
ecsu,52.3,2,2004
ecsu,48.4,3,2004
ecsu,45.3,4,2004
ecsu,44.8,5,2004
ecsu,44.6,6,2004
ecsu,45,7,2004
ecsu,0,8,2004
ecsu,0,9,2004
ecsu,72.3,0,2005
ecsu,63.7,1,2005
ecsu,55.4,2,2005
ecsu,49.6,3,2005
ecsu,48.7,4,2005
ecsu,46.9,5,2005
ecsu,46,6,2005
ecsu,0,7,2005
ecsu,0,8,2005
ecsu,0,9,2005
ecsu,79.4,0,2006
ecsu,63.5,1,2006
ecsu,58.1,2,2006
ecsu,54.1,3,2006
ecsu,48.7,4,2006
ecsu,46.8,5,2006
ecsu,0,6,2006
ecsu,0,7,2006
ecsu,0,8,2006
ecsu,0,9,2006
ecsu,76.7,0,2007
ecsu,61.8,1,2007
ecsu,54.8,2,2007
ecsu,48.4,3,2007
ecsu,45.5,4,2007
ecsu,0,5,2007
ecsu,0,6,2007
ecsu,0,7,2007
ecsu,0,8,2007
ecsu,0,9,2007
ecsu,76.3,0,2008
ecsu,58.6,1,2008
ecsu,52.8,2,2008
ecsu,46.9,3,2008
ecsu,0,4,2008
ecsu,0,5,2008
ecsu,0,6,2008
ecsu,0,7,2008
ecsu,0,8,2008
ecsu,0,9,2008
ecsu,73.6,0,2009
ecsu,56.1,1,2009
ecsu,47.9,2,2009
ecsu,0,3,2009
ecsu,0,4,2009
ecsu,0,5,2009
ecsu,0,6,2009
ecsu,0,7,2009
ecsu,0,8,2009
ecsu,0,9,2009
ecsu,77.3,0,2010
ecsu,58.2,1,2010
ecsu,0,2,2010
ecsu,0,3,2010
ecsu,0,4,2010
ecsu,0,5,2010
ecsu,0,6,2010
ecsu,0,7,2010
ecsu,0,8,2010
ecsu,0,9,2010
ecsu,79.1,0,2011
ecsu,0,1,2011
ecsu,0,2,2011
ecsu,0,3,2011
ecsu,0,4,2011
ecsu,0,5,2011
ecsu,0,6,2011
ecsu,0,7,2011
ecsu,0,8,2011
ecsu,0,9,2011
ecu,77.7,0,1996
ecu,66.6,1,1996
ecu,61.5,2,1996
ecu,55.9,3,1996
ecu,56,4,1996
ecu,57.3,5,1996
ecu,57.4,6,1996
ecu,57.6,7,1996
ecu,57.8,8,1996
ecu,58,9,1996
ecu,78.3,0,1997
ecu,66.6,1,1997
ecu,60.1,2,1997
ecu,57.1,3,1997
ecu,56.6,4,1997
ecu,57.1,5,1997
ecu,57.6,6,1997
ecu,57.5,7,1997
ecu,57.6,8,1997
ecu,57.8,9,1997
ecu,79,0,1998
ecu,66.3,1,1998
ecu,61.3,2,1998
ecu,57.7,3,1998
ecu,56.6,4,1998
ecu,57.1,5,1998
ecu,57.4,6,1998
ecu,57.5,7,1998
ecu,57.8,8,1998
ecu,57.9,9,1998
ecu,76.4,0,1999
ecu,66.7,1,1999
ecu,62.4,2,1999
ecu,58.5,3,1999
ecu,57,4,1999
ecu,57.8,5,1999
ecu,58,6,1999
ecu,58,7,1999
ecu,58.2,8,1999
ecu,58.1,9,1999
ecu,78,0,2000
ecu,67.9,1,2000
ecu,64,2,2000
ecu,60.4,3,2000
ecu,59,4,2000
ecu,59.8,5,2000
ecu,59.8,6,2000
ecu,60.2,7,2000
ecu,60.3,8,2000
ecu,60.8,9,2000
ecu,76.9,0,2001
ecu,66.6,1,2001
ecu,62.4,2,2001
ecu,59,3,2001
ecu,57.2,4,2001
ecu,57.1,5,2001
ecu,57.4,6,2001
ecu,57.4,7,2001
ecu,57.7,8,2001
ecu,58,9,2001
ecu,76.6,0,2002
ecu,67.3,1,2002
ecu,62.2,2,2002
ecu,58.9,3,2002
ecu,57.2,4,2002
ecu,57.8,5,2002
ecu,57.9,6,2002
ecu,58.5,7,2002
ecu,58.7,8,2002
ecu,58.9,9,2002
ecu,78.8,0,2003
ecu,69.9,1,2003
ecu,65.5,2,2003
ecu,62.3,3,2003
ecu,60.4,4,2003
ecu,60.4,5,2003
ecu,60.9,6,2003
ecu,61,7,2003
ecu,61.4,8,2003
ecu,0,9,2003
ecu,75.9,0,2004
ecu,67.5,1,2004
ecu,64.6,2,2004
ecu,60.2,3,2004
ecu,58.3,4,2004
ecu,59.1,5,2004
ecu,59.2,6,2004
ecu,59.9,7,2004
ecu,0,8,2004
ecu,0,9,2004
ecu,78.7,0,2005
ecu,71,1,2005
ecu,66.4,2,2005
ecu,62.5,3,2005
ecu,61,4,2005
ecu,62.2,5,2005
ecu,62.2,6,2005
ecu,0,7,2005
ecu,0,8,2005
ecu,0,9,2005
ecu,77.3,0,2006
ecu,69.1,1,2006
ecu,65.5,2,2006
ecu,62.4,3,2006
ecu,61.1,4,2006
ecu,60.8,5,2006
ecu,0,6,2006
ecu,0,7,2006
ecu,0,8,2006
ecu,0,9,2006
ecu,75.9,0,2007
ecu,68,1,2007
ecu,63.8,2,2007
ecu,60.4,3,2007
ecu,59,4,2007
ecu,0,5,2007
ecu,0,6,2007
ecu,0,7,2007
ecu,0,8,2007
ecu,0,9,2007
ecu,78.8,0,2008
ecu,69.8,1,2008
ecu,65.9,2,2008
ecu,62.1,3,2008
ecu,0,4,2008
ecu,0,5,2008
ecu,0,6,2008
ecu,0,7,2008
ecu,0,8,2008
ecu,0,9,2008
ecu,81.2,0,2009
ecu,72.3,1,2009
ecu,68.1,2,2009
ecu,0,3,2009
ecu,0,4,2009
ecu,0,5,2009
ecu,0,6,2009
ecu,0,7,2009
ecu,0,8,2009
ecu,0,9,2009
ecu,81,0,2010
ecu,71.7,1,2010
ecu,0,2,2010
ecu,0,3,2010
ecu,0,4,2010
ecu,0,5,2010
ecu,0,6,2010
ecu,0,7,2010
ecu,0,8,2010
ecu,0,9,2010
ecu,78.4,0,2011
ecu,0,1,2011
ecu,0,2,2011
ecu,0,3,2011
ecu,0,4,2011
ecu,0,5,2011
ecu,0,6,2011
ecu,0,7,2011
ecu,0,8,2011
ecu,0,9,2011
asu,82.3,0,1996
asu,70.4,1,1996
asu,66.3,2,1996
asu,62.7,3,1996
asu,62.9,4,1996
asu,62.7,5,1996
asu,62.7,6,1996
asu,62.8,7,1996
asu,63,8,1996
asu,63.1,9,1996
asu,82.9,0,1997
asu,71.5,1,1997
asu,67.1,2,1997
asu,64.8,3,1997
asu,64.1,4,1997
asu,63.4,5,1997
asu,64,6,1997
asu,64.2,7,1997
asu,64.4,8,1997
asu,64.5,9,1997
asu,81.3,0,1998
asu,69.9,1,1998
asu,66.9,2,1998
asu,63.7,3,1998
asu,62,4,1998
asu,63.1,5,1998
asu,63.2,6,1998
asu,63.6,7,1998
asu,63.8,8,1998
asu,63.7,9,1998
asu,84.8,0,1999
asu,73.3,1,1999
asu,69.7,2,1999
asu,66.5,3,1999
asu,65.9,4,1999
asu,66.1,5,1999
asu,66.3,6,1999
asu,67,7,1999
asu,67.4,8,1999
asu,67.5,9,1999
asu,83.3,0,2000
asu,71.9,1,2000
asu,68.6,2,2000
asu,65.7,3,2000
asu,64.5,4,2000
asu,64.3,5,2000
asu,64.6,6,2000
asu,64.8,7,2000
asu,64.9,8,2000
asu,64.9,9,2000
asu,81.7,0,2001
asu,71.1,1,2001
asu,68.3,2,2001
asu,66.2,3,2001
asu,64.2,4,2001
asu,65.1,5,2001
asu,65.1,6,2001
asu,65.3,7,2001
asu,65.5,8,2001
asu,65.6,9,2001
asu,83.2,0,2002
asu,73.8,1,2002
asu,69.9,2,2002
asu,67.3,3,2002
asu,66,4,2002
asu,66.1,5,2002
asu,67.1,6,2002
asu,67,7,2002
asu,67.1,8,2002
asu,67.1,9,2002
asu,84.5,0,2003
asu,74.9,1,2003
asu,71.4,2,2003
asu,67.6,3,2003
asu,66.5,4,2003
asu,66.6,5,2003
asu,67.3,6,2003
asu,67.6,7,2003
asu,67.5,8,2003
asu,0,9,2003
asu,85.8,0,2004
asu,76,1,2004
asu,72.9,2,2004
asu,68.9,3,2004
asu,67.8,4,2004
asu,68,5,2004
asu,68.4,6,2004
asu,68.2,7,2004
asu,0,8,2004
asu,0,9,2004
asu,84.5,0,2005
asu,75.4,1,2005
asu,71.7,2,2005
asu,68.3,3,2005
asu,67.5,4,2005
asu,67.5,5,2005
asu,68.1,6,2005
asu,0,7,2005
asu,0,8,2005
asu,0,9,2005
asu,85.8,0,2006
asu,75.9,1,2006
asu,72.3,2,2006
asu,69.4,3,2006
asu,67.6,4,2006
asu,68.2,5,2006
asu,0,6,2006
asu,0,7,2006
asu,0,8,2006
asu,0,9,2006
asu,87.4,0,2007
asu,78.3,1,2007
asu,74.9,2,2007
asu,71.3,3,2007
asu,69.7,4,2007
asu,0,5,2007
asu,0,6,2007
asu,0,7,2007
asu,0,8,2007
asu,0,9,2007
asu,86.4,0,2008
asu,77.7,1,2008
asu,74.6,2,2008
asu,71.3,3,2008
asu,0,4,2008
asu,0,5,2008
asu,0,6,2008
asu,0,7,2008
asu,0,8,2008
asu,0,9,2008
asu,87,0,2009
asu,79,1,2009
asu,75.8,2,2009
asu,0,3,2009
asu,0,4,2009
asu,0,5,2009
asu,0,6,2009
asu,0,7,2009
asu,0,8,2009
asu,0,9,2009
asu,87.6,0,2010
asu,79.9,1,2010
asu,0,2,2010
asu,0,3,2010
asu,0,4,2010
asu,0,5,2010
asu,0,6,2010
asu,0,7,2010
asu,0,8,2010
asu,0,9,2010
asu,87.6,0,2011
asu,0,1,2011
asu,0,2,2011
asu,0,3,2011
asu,0,4,2011
asu,0,5,2011
asu,0,6,2011
asu,0,7,2011
asu,0,8,2011
asu,0,9,2011
avg,80.8,0,1996
avg,69.4,1,1996
avg,65,2,1996
avg,61.2,3,1996
avg,60.3,4,1996
avg,60.3,5,1996
avg,60.5,6,1996
avg,60.6,7,1996
avg,60.7,8,1996
avg,60.9,9,1996
avg,81.2,0,1997
avg,70.4,1,1997
avg,65.7,2,1997
avg,62.7,3,1997
avg,61.3,4,1997
avg,61.4,5,1997
avg,61.7,6,1997
avg,61.9,7,1997
avg,62,8,1997
avg,62.1,9,1997
avg,80.7,0,1998
avg,69.2,1,1998
avg,65.3,2,1998
avg,62.1,3,1998
avg,61.2,4,1998
avg,61.2,5,1998
avg,61.4,6,1998
avg,61.5,7,1998
avg,61.6,8,1998
avg,61.7,9,1998
avg,80.3,0,1999
avg,70.3,1,1999
avg,66.6,2,1999
avg,63.4,3,1999
avg,62.2,4,1999
avg,62.4,5,1999
avg,62.4,6,1999
avg,62.4,7,1999
avg,62.7,8,1999
avg,62.8,9,1999
avg,81.6,0,2000
avg,71.2,1,2000
avg,67.3,2,2000
avg,64.1,3,2000
avg,62.5,4,2000
avg,62.4,5,2000
avg,62.4,6,2000
avg,62.7,7,2000
avg,62.9,8,2000
avg,63.1,9,2000
avg,81.5,0,2001
avg,71.3,1,2001
avg,67.2,2,2001
avg,63.8,3,2001
avg,62,4,2001
avg,62,5,2001
avg,62,6,2001
avg,62.3,7,2001
avg,62.6,8,2001
avg,62.6,9,2001
avg,81,0,2002
avg,71,1,2002
avg,67.1,2,2002
avg,63.4,3,2002
avg,61.9,4,2002
avg,62,5,2002
avg,62.3,6,2002
avg,62.4,7,2002
avg,62.6,8,2002
avg,62.7,9,2002
avg,81.9,0,2003
avg,71.8,1,2003
avg,67.4,2,2003
avg,63.8,3,2003
avg,62.2,4,2003
avg,62,5,2003
avg,62.3,6,2003
avg,62.5,7,2003
avg,62.6,8,2003
avg,0,9,2003
avg,81.3,0,2004
avg,71.1,1,2004
avg,67.2,2,2004
avg,63.8,3,2004
avg,62.4,4,2004
avg,62.3,5,2004
avg,62.4,6,2004
avg,62.6,7,2004
avg,0,8,2004
avg,0,9,2004
avg,80.6,0,2005
avg,70.9,1,2005
avg,66.9,2,2005
avg,63.7,3,2005
avg,62.4,4,2005
avg,62.6,5,2005
avg,62.6,6,2005
avg,0,7,2005
avg,0,8,2005
avg,0,9,2005
avg,81.1,0,2006
avg,71.3,1,2006
avg,67.6,2,2006
avg,64.6,3,2006
avg,63,4,2006
avg,62.9,5,2006
avg,0,6,2006
avg,0,7,2006
avg,0,8,2006
avg,0,9,2006
avg,81.4,0,2007
avg,72.3,1,2007
avg,68.3,2,2007
avg,65.2,3,2007
avg,63.8,4,2007
avg,0,5,2007
avg,0,6,2007
avg,0,7,2007
avg,0,8,2007
avg,0,9,2007
avg,82.7,0,2008
avg,73.5,1,2008
avg,69.4,2,2008
avg,66.5,3,2008
avg,0,4,2008
avg,0,5,2008
avg,0,6,2008
avg,0,7,2008
avg,0,8,2008
avg,0,9,2008
avg,82.2,0,2009
avg,72.6,1,2009
avg,68.8,2,2009
avg,0,3,2009
avg,0,4,2009
avg,0,5,2009
avg,0,6,2009
avg,0,7,2009
avg,0,8,2009
avg,0,9,2009
avg,82.2,0,2010
avg,73.6,1,2010
avg,0,2,2010
avg,0,3,2010
avg,0,4,2010
avg,0,5,2010
avg,0,6,2010
avg,0,7,2010
avg,0,8,2010
avg,0,9,2010
avg,82.6,0,2011
avg,0,1,2011
avg,0,2,2011
avg,0,3,2011
avg,0,4,2011
avg,0,5,2011
avg,0,6,2011
avg,0,7,2011
avg,0,8,2011
avg,0,9,2011